/* SPDX-License-Identifier: OFL-1.1 */
/*******************************************************************************
 * Size: 18 px
 * Bpp: 4
 * Generated by Tools/generate_font.py; see sources.json and OFL licenses.
 ******************************************************************************/

#ifdef LV_LVGL_H_INCLUDE_SIMPLE
#include "lvgl.h"
#else
#include "FlangeView.h"
#endif

#ifndef FLANGESMALL18
#define FLANGESMALL18 1
#endif

#if FLANGESMALL18

/*-----------------
 *    BITMAPS
 *----------------*/

/*Store the image of the glyphs*/
static LV_ATTRIBUTE_LARGE_CONST const uint8_t glyph_bitmap[] = {
    /* U+2013 "–" */
    0x2, 0x2f, 0xed, 0xdf, 0xb0, 0xaa, 0xbf, 0x0,

    /* U+3002 "。" */
    0x0, 0x12, 0x8, 0x4, 0xdb, 0x5c, 0xc0, 0x33,
    0x5d, 0x52, 0x28, 0x4a, 0xa, 0x28, 0x26, 0x1,
    0x85, 0x2, 0x4e, 0x41, 0x3, 0x17, 0x17, 0x0,

    /* U+4E00 "一" */
    0x1, 0x1f, 0xfe, 0x20, 0xf, 0x77, 0xff, 0x12,
    0x0, 0x3f, 0xf8, 0xc3, 0xff, 0xff, 0xc4, 0x80,

    /* U+4E0A "上" */
    0x0, 0xfb, 0x7c, 0xc0, 0x3f, 0xff, 0xe0, 0x1f,
    0xdb, 0xdd, 0xd4, 0x1, 0xfe, 0x11, 0xf8, 0x3,
    0xfd, 0x7f, 0xfd, 0x60, 0x1f, 0xe7, 0x0, 0xff,
    0xff, 0x80, 0x8f, 0x80, 0xc, 0x23, 0xf3, 0x77,
    0x78, 0x82, 0xbb, 0xbe, 0x32, 0x2f, 0xfe, 0x20,

    /* U+4E0B "下" */
    0xcf, 0xff, 0xfe, 0x1a, 0x8, 0x7, 0xff, 0x13,
    0x7f, 0xfb, 0x0, 0x7f, 0xfe, 0x40, 0xf, 0xfe,
    0x71, 0x0, 0x7f, 0xf0, 0xc7, 0x68, 0x80, 0x3f,
    0xf8, 0x6b, 0xb0, 0x1, 0xff, 0xc0, 0x1d, 0x30,
    0x7d, 0x40, 0xf, 0xf8, 0xb2, 0x40, 0xac, 0xc0,
    0x3f, 0xf8, 0xd, 0xa4, 0xa6, 0x1, 0xff, 0xc1,
    0x2d, 0xa0, 0xf, 0xff, 0xf8, 0x7, 0xff, 0x0,

    /* U+4E0D "不" */
    0x0, 0xff, 0xe3, 0xdf, 0xff, 0xff, 0xb, 0x80,
    0x2, 0x1, 0xff, 0xc5, 0xaf, 0xff, 0x30, 0xf,
    0xff, 0x70, 0x7, 0xe4, 0x60, 0x80, 0xf, 0xfe,
    0x9, 0x50, 0x1, 0x8, 0x3, 0xfe, 0x1f, 0x10,
    0x4, 0x6d, 0x0, 0x7f, 0xe, 0x10, 0x80, 0x34,
    0x17, 0x48, 0x3, 0xc7, 0xe4, 0x3a, 0x0, 0x5d,
    0x22, 0x6a, 0x0, 0x67, 0xc1, 0x16, 0x18, 0x4,
    0x58, 0x61, 0x6a, 0x0, 0xd8, 0x3, 0xf2, 0x0,
    0xe1, 0xc4, 0xa, 0x40, 0xa0, 0x8c, 0x10, 0xf,
    0xd6, 0x8a, 0x80, 0xfa, 0xe0, 0x1f, 0xf5, 0xd0,
    0x4, 0x40, 0x1f, 0xff, 0x90,

    /* U+4E24 "两" */
    0x1, 0x1f, 0xfe, 0x18, 0x5f, 0x77, 0xff, 0xc,
    0x8, 0xcf, 0x0, 0xc, 0xc0, 0x2, 0x33, 0xc1,
    0x39, 0x98, 0x7, 0x30, 0x81, 0xd9, 0x98, 0x3,
    0xff, 0x84, 0x22, 0x0, 0xf, 0xfe, 0x1, 0xff,
    0x20, 0x67, 0xf7, 0x24, 0x3, 0x19, 0x80, 0x6,
    0x60, 0x1, 0x98, 0x80, 0x38, 0xb3, 0x0, 0x59,
    0x83, 0xe, 0xc8, 0x0, 0xf8, 0x80, 0x30, 0x80,
    0x80, 0x7f, 0x38, 0x14, 0x1, 0x6, 0x90, 0x7,
    0xec, 0x0, 0x3b, 0x80, 0x45, 0xe4, 0x1, 0xe1,
    0x60, 0xb3, 0xd0, 0xb5, 0x28, 0x0, 0xf5, 0x83,
    0x24, 0x28, 0xad, 0x12, 0x0, 0x71, 0xa0, 0xc0,
    0x60, 0x58, 0x3, 0x38, 0x3, 0x8f, 0x28, 0x42,
    0x25, 0x40, 0x2, 0x1, 0xf1, 0x20, 0x4, 0xc0,
    0xfd, 0xb4, 0x2, 0x1, 0xff, 0x20, 0x90, 0xac,
    0x80,

    /* U+4E2D "中" */
    0x0, 0xfb, 0xbc, 0x40, 0x3f, 0xfa, 0x66, 0x1,
    0xe2, 0xff, 0xf0, 0x86, 0xff, 0xf6, 0x0, 0x44,
    0x58, 0x0, 0x24, 0x50, 0x80, 0x63, 0xdd, 0xc2,
    0x1f, 0xbb, 0x80, 0x3f, 0xfb, 0xe6, 0x1, 0x38,
    0x6, 0x3f, 0xfc, 0x21, 0xbf, 0xf5, 0x80, 0x71,
    0x16, 0x0, 0x9, 0x14, 0x20, 0x10, 0xa6, 0xee,
    0x10, 0xfd, 0xdb, 0xd, 0x8b, 0xac, 0x3, 0xfc,
    0x59, 0x40, 0x1f, 0xff, 0x40,

    /* U+4E3B "主" */
    0x0, 0xf8, 0x44, 0x1, 0xff, 0xc3, 0x4f, 0xf1,
    0x80, 0x7f, 0xf0, 0x91, 0x3, 0x8c, 0x1, 0xff,
    0xc2, 0xa7, 0x9, 0x20, 0xf, 0x8f, 0xbb, 0xcc,
    0x0, 0xce, 0xec, 0x60, 0x7, 0x11, 0xf8, 0x0,
    0x23, 0xc0, 0x12, 0x7f, 0xf7, 0x0, 0x3b, 0xff,
    0x8c, 0x3, 0xff, 0xb6, 0x99, 0x9b, 0x40, 0x1b,
    0x99, 0x90, 0x3, 0x9, 0x9f, 0x0, 0xc, 0xf8,
    0x80, 0x32, 0xee, 0xec, 0x0, 0x66, 0xee, 0x60,
    0xe, 0x22, 0xe0, 0x1, 0x17, 0x0, 0x7f, 0xf7,
    0x3f, 0xfd, 0xc0, 0xe, 0xff, 0xf0, 0x80, 0x7f,
    0xf1, 0x80,

    /* U+4E8E "于" */
    0x0, 0x77, 0xff, 0xff, 0x3, 0x0, 0x3f, 0xf8,
    0x8e, 0x1, 0x77, 0xff, 0x8, 0x6f, 0xfe, 0xb0,
    0xf, 0xff, 0x41, 0x7f, 0xfc, 0x21, 0xbf, 0xfe,
    0x1, 0x1f, 0x80, 0x2, 0x3f, 0x17, 0x77, 0xc2,
    0x19, 0xdd, 0xe0, 0xf, 0xff, 0xf8, 0x8, 0x18,
    0x7, 0xf9, 0xbf, 0xbc, 0x0, 0x20, 0x1f, 0xe7,
    0x1, 0x2, 0xa0, 0xf, 0xf8, 0x7f, 0xed, 0x50,
    0xf, 0x80,

    /* U+4ECB "介" */
    0x0, 0xfc, 0x58, 0x40, 0x1f, 0xfc, 0x31, 0xf3,
    0x80, 0xf, 0xfe, 0x10, 0xe1, 0x2, 0xa8, 0x3,
    0xff, 0x80, 0x7e, 0x47, 0x41, 0x50, 0x1, 0xfe,
    0x8c, 0x14, 0xc5, 0xb0, 0x7d, 0x40, 0xe, 0x17,
    0xe7, 0x8, 0xb0, 0x2, 0x69, 0x12, 0xf5, 0xc4,
    0xb, 0xa0, 0x4f, 0x1c, 0x3, 0x16, 0xc0, 0x14,
    0x50, 0x12, 0x9d, 0x6a, 0x30, 0x6, 0x17, 0xf,
    0x84, 0xa0, 0x5, 0x62, 0x9c, 0x40, 0x3, 0x1c,
    0x48, 0x3d, 0x88, 0x7, 0xff, 0x7d, 0xc0, 0x80,
    0x3f, 0xf8, 0x9e, 0xa, 0x1, 0xff, 0xc3, 0x35,
    0xd, 0x0, 0xff, 0xe1, 0x1e, 0x82, 0x20, 0x3,
    0xff, 0x82, 0x98, 0x25, 0x40, 0x1f, 0xfc, 0x24,
    0x65, 0xc1, 0x0, 0xff, 0xe1, 0xcd, 0x8, 0x7,
    0x8b, 0xf8, 0x3, 0x80,

    /* U+4EE4 "令" */
    0x0, 0xfe, 0x20, 0xf, 0xfe, 0x25, 0x6b, 0x80,
    0x7f, 0xf0, 0xa9, 0x43, 0x40, 0x3f, 0xf8, 0x5,
    0xaa, 0x26, 0xba, 0x40, 0x1f, 0xcf, 0xa4, 0x7f,
    0x88, 0x5a, 0xe0, 0x1e, 0x4d, 0x80, 0x6f, 0x80,
    0xb8, 0x8, 0xe6, 0x0, 0x1e, 0x59, 0xd, 0xcc,
    0x9b, 0x5, 0xf0, 0x86, 0x78, 0xcc, 0x0, 0x7e,
    0x40, 0xa4, 0x3d, 0x3, 0xd8, 0x15, 0x30, 0xde,
    0x80, 0xd, 0x69, 0xe0, 0x13, 0xf5, 0x0, 0x4,
    0xbf, 0xfc, 0x99, 0xff, 0x72, 0x8, 0x4, 0x23,
    0xfe, 0x0, 0x98, 0x3, 0x17, 0x77, 0xe7, 0x1,
    0xc2, 0x0, 0xfd, 0x48, 0x0, 0x96, 0x1c, 0x20,
    0xf, 0xd0, 0xb7, 0x6a, 0x61, 0xc2, 0x0, 0xfe,
    0x89, 0x14, 0x50, 0xd2, 0x0, 0xff, 0x9b, 0xd4,
    0x1, 0xc6, 0x1, 0xff, 0xc0, 0x1a, 0xa0, 0x93,
    0x0, 0x7f, 0xf0, 0x97, 0xe9, 0x40, 0x38,

    /* U+4EF6 "件" */
    0x0, 0xff, 0xe5, 0x47, 0xa8, 0x98, 0xf, 0xe8,
    0x7, 0xf3, 0x2, 0x23, 0x24, 0x3, 0xfe, 0x71,
    0x51, 0xc0, 0xc0, 0xf, 0xf0, 0xc0, 0x40, 0x38,
    0x5e, 0x1, 0x6e, 0xd4, 0x1, 0x50, 0x19, 0x20,
    0x80, 0x90, 0x0, 0x8a, 0x60, 0x3, 0xa0, 0x5,
    0xe1, 0x3f, 0xa0, 0x5f, 0xf6, 0x1, 0x40, 0x4,
    0x2a, 0x4c, 0x6, 0x1, 0xf1, 0x1b, 0x0, 0x7,
    0xbc, 0x3, 0xfe, 0xe8, 0x0, 0xae, 0x6e, 0xd4,
    0x5, 0x77, 0x98, 0x8, 0x3, 0x22, 0x70, 0x1,
    0x13, 0x78, 0x7, 0xb3, 0x35, 0x80, 0xe6, 0x6b,
    0x0, 0xf1, 0x9e, 0x50, 0x33, 0xe2, 0x0, 0xff,
    0xff, 0x83, 0x80, 0x7f, 0xf0, 0x40,

    /* U+4EFD "份" */
    0x0, 0xff, 0xe5, 0xcf, 0x20, 0x2, 0x9c, 0xe,
    0xd4, 0x3, 0xe1, 0x61, 0x50, 0x45, 0xb0, 0x2,
    0x78, 0x7, 0xcc, 0xa, 0x21, 0xc1, 0x40, 0x62,
    0xa0, 0x1e, 0x18, 0x8, 0x2, 0x50, 0x60, 0x3,
    0x83, 0x80, 0x75, 0x81, 0x90, 0x70, 0x38, 0x5,
    0x61, 0x2, 0x1, 0x2a, 0x80, 0x28, 0x31, 0x80,
    0x8, 0x98, 0x34, 0x40, 0xa8, 0x2, 0x77, 0x3,
    0xaa, 0xf7, 0x81, 0xe8, 0x10, 0x98, 0x1, 0x40,
    0xda, 0xab, 0xa4, 0xa, 0x0, 0x15, 0xe0, 0x2,
    0xde, 0x83, 0x5, 0x88, 0x0, 0xea, 0x0, 0x10,
    0x40, 0x22, 0x23, 0xb0, 0x4b, 0xb8, 0xc, 0x3,
    0xff, 0x80, 0x80, 0x60, 0x20, 0x20, 0x1f, 0xf1,
    0x9, 0x80, 0xc, 0x1c, 0x3, 0xfe, 0xa0, 0xb0,
    0x3, 0x0, 0x80, 0x7f, 0x85, 0xc1, 0x80, 0x4,
    0x6, 0x1, 0xfc, 0x38, 0xe, 0x20, 0xf, 0xf,
    0x0, 0xfc, 0x5e, 0x49, 0x1, 0x9a, 0xc0, 0xa0,
    0x1f, 0x89, 0xd6, 0xc0, 0xa, 0x65, 0x6, 0x1,
    0xc5, 0xf8, 0x13, 0x40, 0x14, 0xf6, 0xb8, 0x6,

    /* U+4F1A "会" */
    0x0, 0xfe, 0x20, 0xf, 0xfe, 0x23, 0xec, 0x80,
    0x7f, 0xf0, 0x9e, 0x0, 0x80, 0x3f, 0xf8, 0x33,
    0x0, 0x69, 0x84, 0x1, 0xfc, 0x9a, 0xc1, 0x78,
    0xc7, 0xb0, 0x1, 0xe2, 0xbb, 0x11, 0x35, 0x2,
    0x68, 0x1f, 0x9c, 0x2, 0xbd, 0x40, 0xb, 0xb3,
    0x29, 0x21, 0x14, 0x7a, 0x86, 0x82, 0x68, 0x11,
    0x9f, 0x14, 0xe1, 0x99, 0x41, 0xb6, 0xcb, 0xff,
    0xf3, 0x9e, 0x60, 0x2, 0x31, 0x1f, 0xfe, 0x8,
    0x4, 0x7d, 0xdf, 0xfc, 0x2c, 0x0, 0x9, 0x16,
    0x0, 0x88, 0xbe, 0x50, 0x1, 0x6e, 0xdc, 0x0,
    0x8d, 0xd4, 0x8c, 0xee, 0xa4, 0x3, 0x8b, 0x41,
    0x9c, 0x2, 0x3b, 0x40, 0xf, 0x1e, 0xb, 0x48,
    0x9, 0x3a, 0x85, 0x98, 0x6, 0x5c, 0x10, 0x7f,
    0xf7, 0x6e, 0x28, 0x3, 0x44, 0x2, 0x60, 0x8,
    0x44, 0x68, 0xaf, 0x12, 0x83, 0x0, 0x11, 0xd6,
    0xff, 0xbb, 0x2e, 0xa1, 0xda, 0x9e, 0x40,

    /* U+4F53 "体" */
    0x0, 0xff, 0xe5, 0x6c, 0x80, 0x6b, 0xf2, 0x0,
    0xfc, 0xa4, 0x1, 0xff, 0xc4, 0x90, 0xa0, 0xf,
    0xfe, 0x12, 0x19, 0x2f, 0x76, 0x40, 0xce, 0xec,
    0x60, 0x9, 0x6, 0x1, 0x1c, 0x0, 0x11, 0xe0,
    0x3, 0x90, 0x1, 0xbf, 0xe2, 0x0, 0xab, 0xfe,
    0x33, 0x40, 0x7, 0x8c, 0x80, 0x29, 0x0, 0xc4,
    0x8, 0x1, 0xd2, 0x6, 0xa, 0x66, 0x0, 0x86,
    0xa0, 0x3, 0x12, 0xb3, 0x87, 0x7, 0x80, 0x65,
    0x10, 0xd, 0x21, 0x60, 0x6, 0x53, 0x50, 0xf,
    0xca, 0x8a, 0x40, 0x14, 0x5, 0x88, 0x7, 0x8a,
    0x82, 0x5, 0xc0, 0x4d, 0x46, 0x80, 0x3d, 0xe0,
    0xbb, 0xc6, 0x19, 0xcc, 0x28, 0xe0, 0x1d, 0x6d,
    0xa, 0xa1, 0x4, 0x5b, 0xd5, 0x70, 0xe, 0x69,
    0x2a, 0xa2, 0x84, 0xd3, 0x9d, 0x0, 0x7f, 0xf4,
    0x44, 0x40, 0x1e,

    /* U+4F55 "何" */
    0x0, 0xc2, 0x1, 0xff, 0xc5, 0xce, 0x0, 0xff,
    0xe1, 0xa1, 0x2c, 0xd5, 0x7f, 0x88, 0x2, 0xf0,
    0xf7, 0x55, 0xff, 0x8, 0x1, 0x10, 0x29, 0xb9,
    0x9f, 0x8, 0x59, 0x80, 0x24, 0xc, 0xc, 0xff,
    0x81, 0x40, 0x12, 0x40, 0x13, 0xe5, 0xd5, 0x4e,
    0x1, 0xc8, 0xc0, 0x1b, 0x4d, 0x15, 0x6c, 0x0,
    0xe4, 0x19, 0x0, 0xec, 0xfe, 0x0, 0xfd, 0x8e,
    0x1, 0xc2, 0x1, 0xfe, 0x20, 0xf, 0xfe, 0x66,
    0xff, 0x0, 0x7f, 0xf0, 0xcd, 0x12, 0x30, 0xf,
    0xf8, 0xc7, 0xae, 0xe8, 0x0, 0xff, 0xa7, 0x88,
    0x3, 0xff, 0xb5, 0x3f, 0xe2, 0x1, 0x0, 0xe1,
    0x0, 0xf6, 0x80, 0xa, 0x80, 0x0,

    /* U+4F5C "作" */
    0x0, 0xc4, 0x40, 0x8, 0x80, 0x3f, 0xf8, 0x17,
    0xac, 0x0, 0xde, 0x0, 0xff, 0xb, 0x3, 0x82,
    0x82, 0x0, 0x7f, 0xa4, 0x18, 0x42, 0x40, 0x11,
    0x1e, 0x20, 0x0, 0xb8, 0x58, 0x19, 0x81, 0x5d,
    0xfe, 0x0, 0x58, 0x9, 0x7, 0x83, 0x80, 0x26,
    0xab, 0x20, 0x2a, 0x80, 0xc1, 0x4c, 0xd0, 0x20,
    0xea, 0xb8, 0x4a, 0x80, 0x22, 0xb0, 0x80, 0x8,
    0x8b, 0x80, 0x22, 0x0, 0x19, 0x99, 0x0, 0x2c,
    0xdd, 0xb0, 0xa, 0x3c, 0x0, 0x39, 0x20, 0x19,
    0x57, 0x30, 0x1, 0xcc, 0x2, 0x10, 0xe, 0xba,
    0xaa, 0x0, 0x3f, 0xf8, 0x24, 0x5c, 0x1, 0xff,
    0xc1, 0xcd, 0xdc, 0x40, 0x1f, 0xfc, 0x4, 0x55,
    0xc6, 0x1, 0xff, 0xc0, 0xaa, 0xe1, 0x0, 0xff,
    0xf5, 0x0,

    /* U+4F7F "使" */
    0x0, 0xc2, 0x1, 0xff, 0xc5, 0x8f, 0x40, 0x8,
    0xfe, 0xc0, 0x3f, 0xb, 0x6, 0xd5, 0x50, 0xb,
    0x55, 0x98, 0x2, 0x80, 0x84, 0x55, 0x90, 0x5,
    0x57, 0x60, 0x0, 0x98, 0x5f, 0x37, 0x6b, 0x4,
    0xdd, 0xd6, 0x0, 0xf0, 0x20, 0x12, 0x28, 0x2,
    0x22, 0xc2, 0x12, 0x40, 0x15, 0x7f, 0xd6, 0x9,
    0xff, 0x70, 0x3b, 0x0, 0x79, 0x9d, 0x40, 0x9d,
    0xc0, 0x12, 0x5, 0x0, 0x74, 0x42, 0x41, 0xa2,
    0x0, 0x11, 0xe2, 0x0, 0x75, 0xd4, 0x2, 0xd5,
    0x0, 0x31, 0x80, 0x79, 0x54, 0x80, 0x2a, 0xa0,
    0x30, 0xf, 0xa5, 0x77, 0xe4, 0x1f, 0xfe, 0xd0,
    0xf, 0xcb, 0xe3, 0x81, 0xa0, 0x1f, 0xf1, 0xc1,
    0x62, 0x82, 0x80, 0x7f, 0xf0, 0x1d, 0x88, 0x8,
    0x80, 0x1f, 0xf0, 0xbb, 0x0, 0xb, 0x71, 0xd0,
    0x40, 0x3c, 0xdd, 0x0, 0xfc, 0xe2, 0x71, 0x7c,
    0xe0, 0x1c, 0xc6, 0xdb, 0x3, 0x1d, 0x6e, 0x88,
    0x70,

    /* U+4FA7 "侧" */
    0x0, 0x90, 0x3, 0xff, 0x86, 0xb7, 0x1f, 0xfe,
    0x70, 0xb, 0xe8, 0x1, 0x81, 0x80, 0xd5, 0x49,
    0x0, 0x35, 0x80, 0x73, 0x92, 0x87, 0x8e, 0xb8,
    0x3, 0xd4, 0x3, 0x20, 0xb8, 0x5, 0x8c, 0x1,
    0xfd, 0x0, 0x1f, 0xfc, 0x34, 0x30, 0xf, 0xfe,
    0x1e, 0x80, 0x7f, 0xf1, 0x2d, 0x44, 0x3, 0xff,
    0x84, 0x54, 0x1, 0xff, 0xec, 0x22, 0x0, 0x7f,
    0xf0, 0x7, 0x1d, 0xca, 0x5a, 0xd7, 0xa0, 0x1f,
    0x8c, 0x88, 0x18, 0xc2, 0x46, 0x1, 0xfd, 0xc5,
    0x29, 0x42, 0x1, 0xfc, 0x58, 0x5c, 0x12, 0x30,
    0x11, 0x40, 0x60, 0x1c, 0x36, 0x60, 0x51, 0x80,
    0x2a, 0x56, 0x0, 0xea, 0x2d, 0x40, 0x9, 0xd4,
    0x27, 0xf4, 0x80,

    /* U+4FDD "保" */
    0x0, 0xc9, 0x4, 0x1, 0xff, 0xc4, 0xf7, 0x4f,
    0xff, 0xe2, 0x0, 0xe3, 0x42, 0x70, 0x14, 0x4e,
    0x0, 0xfd, 0x1, 0x60, 0x2, 0xbb, 0xe3, 0x0,
    0xf2, 0x20, 0x58, 0x3, 0xff, 0x87, 0x40, 0x40,
    0x18, 0x47, 0x80, 0x3d, 0x42, 0x1, 0xc7, 0xdd,
    0xc6, 0x1, 0x99, 0x40, 0x30, 0xaa, 0xc8, 0x2,
    0xab, 0x18, 0x1, 0x2, 0x80, 0x35, 0x55, 0x0,
    0xb5, 0x50, 0x80, 0xb, 0x50, 0x0, 0x37, 0x7b,
    0xc1, 0x6e, 0xf2, 0x80, 0x8, 0x3, 0x22, 0x63,
    0x1, 0x44, 0xda, 0x1, 0xe1, 0xff, 0x9c, 0x2,
    0x1e, 0xff, 0x40, 0x7, 0xf2, 0x38, 0x4, 0x34,
    0x1, 0xff, 0x25, 0x84, 0x1, 0x92, 0x48, 0x7,
    0xf2, 0xd8, 0x42, 0x3, 0xf0, 0x34, 0x80, 0x7d,
    0x14, 0xe, 0xe0, 0x8, 0xe0, 0x1a, 0x80, 0x3d,
    0x23, 0x10, 0x0, 0xe7, 0x71, 0x58, 0x7, 0x38,
    0xf3, 0x80, 0x7d, 0x18, 0x20,

    /* U+4FE1 "信" */
    0x0, 0xc4, 0x1, 0xc2, 0x60, 0x1f, 0xec, 0xd0,
    0x8, 0x7b, 0x40, 0x3f, 0x94, 0x50, 0x2, 0x17,
    0x17, 0x0, 0xfd, 0x21, 0x91, 0x18, 0x43, 0xa2,
    0x30, 0x80, 0x10, 0xce, 0x77, 0xcc, 0xc, 0xef,
    0x88, 0x1, 0x20, 0xed, 0xff, 0xff, 0x18, 0x39,
    0x0, 0x69, 0x9f, 0xd0, 0x0, 0x38, 0x0, 0xc2,
    0xcd, 0xf9, 0x40, 0x2, 0x10, 0x1, 0xf, 0xff,
    0xed, 0x0, 0x15, 0xb0, 0x4, 0x3f, 0xff, 0xb8,
    0x2, 0x40, 0xc, 0x31, 0x1f, 0xa4, 0x3, 0xf1,
    0x7f, 0xff, 0x0, 0x7e, 0x77, 0xff, 0x8, 0x7,
    0xf5, 0x7f, 0xf3, 0x0, 0x7f, 0xf4, 0x7a, 0x67,
    0x90, 0x3, 0xfe, 0x46, 0x6e, 0x20, 0xf, 0xfa,
    0xbf, 0xf9, 0x80, 0x38, 0x76, 0x81, 0x79, 0x40,
    0x3a, 0x7c, 0x40,

    /* U+4FEE "修" */
    0x0, 0x84, 0x40, 0x1c, 0x80, 0x1f, 0xe6, 0xe7,
    0x0, 0x9a, 0xe0, 0x3, 0xfa, 0xc1, 0x0, 0x28,
    0x1, 0x88, 0xc4, 0x1, 0x19, 0xe0, 0x4, 0x8,
    0x33, 0xbe, 0xa0, 0xa, 0x42, 0x80, 0xa, 0xe0,
    0xbf, 0xed, 0x11, 0x48, 0x0, 0xd4, 0x10, 0xa,
    0x81, 0x55, 0x23, 0xe3, 0x42, 0x0, 0xf0, 0x1,
    0xde, 0x5d, 0x51, 0x99, 0xc5, 0x28, 0x0, 0x83,
    0x0, 0xe4, 0x55, 0x80, 0x2f, 0x30, 0x1, 0x0,
    0x80, 0x43, 0x5d, 0x46, 0xf6, 0x6d, 0x9c, 0x71,
    0x5, 0x0, 0x84, 0x16, 0x7e, 0xfe, 0x71, 0x9c,
    0xc9, 0xc0, 0x3a, 0xac, 0xaf, 0x1d, 0xe, 0x64,
    0x1, 0xfc, 0xf6, 0xf5, 0x91, 0xc6, 0x1, 0xfe,
    0x7d, 0xd1, 0x73, 0x41, 0x80, 0x7f, 0x93, 0xb9,
    0xf, 0xcb, 0xd6, 0x1, 0xec, 0x40, 0x45, 0x9f,
    0x89, 0xc1, 0xe0, 0xf, 0x3d, 0x0, 0x2c, 0x2f,
    0x9c, 0xb1, 0x40, 0x3f, 0x27, 0x6c, 0xa1, 0xd6,
    0x98, 0x7, 0xf2, 0x12, 0x46, 0xe2, 0x80, 0x60,

    /* U+503C "值" */
    0x0, 0xff, 0xe5, 0x75, 0x80, 0x66, 0xf8, 0x0,
    0xfc, 0xa2, 0x15, 0x5a, 0xc1, 0x2a, 0xa8, 0x0,
    0xd0, 0x1c, 0xab, 0x88, 0xd, 0x57, 0x0, 0x4c,
    0x46, 0xbf, 0xf8, 0x83, 0xff, 0x68, 0x0, 0x64,
    0x20, 0x5, 0xde, 0x21, 0x77, 0xc0, 0x15, 0x0,
    0x18, 0xe, 0x22, 0x1, 0x88, 0xc0, 0x8, 0x40,
    0xf, 0x3f, 0xff, 0x10, 0x5, 0xa0, 0x40, 0x1c,
    0xff, 0xfc, 0x40, 0x12, 0xd3, 0x80, 0x72, 0x4c,
    0xf0, 0x80, 0x65, 0x0, 0xf8, 0xcf, 0x80, 0x3f,
    0xf8, 0x9, 0x55, 0xc2, 0x1, 0xff, 0x3f, 0xff,
    0x10, 0x7, 0xfc, 0xff, 0xfc, 0x40, 0x1f, 0xf2,
    0x4c, 0xf0, 0x80, 0x7e, 0x5a, 0x7, 0x11, 0xe0,
    0x3, 0x90, 0x7, 0x4b, 0x81, 0xc4, 0x70, 0x84,
    0x20, 0x7, 0xff, 0x18,

    /* U+5165 "入" */
    0x0, 0xff, 0xe5, 0x9e, 0x8, 0x7, 0xff, 0xf,
    0xcf, 0xc8, 0x3, 0xff, 0x85, 0xa6, 0x3e, 0x1,
    0xff, 0xc2, 0x1c, 0x22, 0x50, 0x7, 0xff, 0xe,
    0x41, 0x50, 0x3, 0xff, 0x84, 0x40, 0x9, 0x0,
    0xff, 0xe1, 0x68, 0x0, 0x98, 0x3, 0xff, 0x80,
    0x28, 0xe, 0x10, 0x1, 0xff, 0xc0, 0x60, 0x28,
    0x31, 0x70, 0xf, 0xfa, 0x42, 0xc2, 0x2, 0x4,
    0x3, 0xfa, 0x44, 0x4c, 0x8, 0x80, 0xa0, 0xf,
    0xc8, 0xc1, 0x60, 0x14, 0x82, 0x38, 0x7, 0x8e,
    0xc1, 0x54, 0x1, 0x13, 0x84, 0x30, 0x6, 0x5c,
    0x2, 0xa0, 0xe, 0x83, 0x9, 0x80, 0x1a, 0xa0,
    0x1e, 0x0, 0x7d, 0xa4, 0xe, 0xa2, 0x40, 0xb8,
    0x20, 0x1f, 0xe, 0x20, 0xa8, 0x46, 0xd0, 0x7,
    0xf8, 0x6f, 0x0,

    /* U+5168 "全" */
    0x0, 0xfc, 0x42, 0x1, 0xff, 0xc3, 0x1c, 0xe2,
    0x0, 0xff, 0xe1, 0x68, 0x84, 0x80, 0x7f, 0xf0,
    0x7, 0xd, 0x12, 0xb0, 0xf, 0xf1, 0xe1, 0xa5,
    0xd9, 0x11, 0xa6, 0x1, 0xf3, 0xe1, 0x2d, 0x80,
    0x2d, 0x4b, 0x20, 0x3, 0x2e, 0xc0, 0x4d, 0x0,
    0x6a, 0x90, 0x7e, 0x50, 0x4a, 0x20, 0x2d, 0xbb,
    0xf6, 0x90, 0xd, 0x32, 0x44, 0xc1, 0x22, 0x7e,
    0x26, 0x96, 0x60, 0x3b, 0x3f, 0xfe, 0x0, 0x7f,
    0xe9, 0x69, 0x0, 0xff, 0xe5, 0x1d, 0xde, 0x0,
    0x5d, 0xe5, 0x0, 0xf3, 0xa2, 0x60, 0x2, 0x26,
    0x20, 0xf, 0x27, 0xfe, 0x0, 0x7f, 0xe7, 0x0,
    0xff, 0xe5, 0x46, 0xef, 0x80, 0x1b, 0xbe, 0x90,
    0x1, 0x17, 0xc0, 0x2, 0x2f, 0x80, 0x3f, 0xf8,
    0xe0,

    /* U+5173 "关" */
    0x0, 0xe1, 0x0, 0xf0, 0x80, 0x7e, 0x1c, 0xf1,
    0x0, 0xed, 0xf5, 0x0, 0xf0, 0xa8, 0xc0, 0x6,
    0x43, 0x14, 0x0, 0xfa, 0x1, 0x84, 0x2, 0x80,
    0x81, 0x0, 0xe6, 0x98, 0x23, 0x89, 0x95, 0x98,
    0x7c, 0xc8, 0x3, 0x6b, 0x30, 0x8d, 0x9a, 0x40,
    0x3, 0x34, 0x1, 0xa2, 0xef, 0x80, 0x11, 0x77,
    0xc0, 0x18, 0xd1, 0x38, 0x0, 0x68, 0x9c, 0x1,
    0xff, 0xc9, 0xdf, 0xff, 0x0, 0x2f, 0xff, 0xb8,
    0x3, 0xff, 0x91, 0xbf, 0xfc, 0xa0, 0x1, 0xef,
    0xfd, 0xc0, 0x1f, 0x32, 0x81, 0x8e, 0x80, 0x7f,
    0xcf, 0x20, 0x98, 0x47, 0xa4, 0x1, 0xf2, 0x64,
    0x2, 0x58, 0x61, 0x13, 0x60, 0x40, 0x2, 0xfb,
    0x66, 0x11, 0x60, 0x1, 0xc4, 0x7, 0xeb, 0x21,
    0xc2, 0x6, 0xd7, 0x0, 0xc3, 0x74, 0x40, 0xe4,
    0x15, 0x3d, 0x24, 0x1, 0xf2, 0xee, 0x70, 0x0,

    /* U+5185 "内" */
    0x0, 0xfb, 0xbc, 0x40, 0x3f, 0xfa, 0x66, 0x1,
    0x84, 0xb, 0xff, 0xc2, 0x1b, 0xff, 0xbb, 0x40,
    0x22, 0x2c, 0x0, 0x22, 0xe0, 0xc, 0x7b, 0xb8,
    0x1, 0xbb, 0xb0, 0x3, 0xf0, 0x80, 0x80, 0x7f,
    0xf0, 0x50, 0x5, 0x80, 0x3f, 0xf8, 0x1c, 0x0,
    0x97, 0x0, 0xff, 0x22, 0x6, 0x82, 0x24, 0x3,
    0xf1, 0xd8, 0x5a, 0xd8, 0x34, 0x80, 0x79, 0xf0,
    0x1d, 0x41, 0x2c, 0x1a, 0x0, 0x3b, 0xc2, 0x20,
    0x1, 0x24, 0xa5, 0x80, 0x74, 0x6b, 0x80, 0x73,
    0x59, 0x80, 0x78, 0x80, 0x3f, 0xf9, 0x27, 0xfd,
    0xc0, 0x60, 0xf, 0xf1, 0x90, 0x89, 0x20,

    /* U+5199 "写" */
    0xdf, 0xff, 0xfe, 0x16, 0x0, 0xc, 0xff, 0xe2,
    0x0, 0xdb, 0x80, 0xd9, 0x9f, 0x48, 0x0, 0x44,
    0x2, 0x6e, 0x1, 0xf8, 0x5f, 0x38, 0x54, 0xe,
    0x67, 0xe7, 0xeb, 0x0, 0x8c, 0x5, 0x9b, 0xf0,
    0x7, 0x68, 0x5f, 0xff, 0xca, 0x1, 0xce, 0xc,
    0x1, 0xe1, 0x0, 0xe1, 0x20, 0xdf, 0xff, 0x77,
    0x88, 0x4, 0x6a, 0x8a, 0xbf, 0x0, 0x4, 0x2,
    0x2a, 0xba, 0xaf, 0x58, 0x8, 0x2, 0x3f, 0xff,
    0xa0, 0x80, 0xc0, 0x1c, 0x67, 0xfd, 0xcc, 0xe,
    0x0, 0x6c, 0xcf, 0xe6, 0xd0, 0x20, 0xf, 0xfe,
    0xa, 0x6, 0x80, 0x7f, 0x45, 0xd6, 0x18, 0xa8,
    0x7, 0xf7, 0x22, 0x98, 0xd0, 0x7, 0xf9, 0xbf,
    0xbf, 0x90, 0x2,

    /* U+51FA "出" */
    0x0, 0xfb, 0xfc, 0x40, 0x1f, 0x1d, 0x38, 0x7,
    0xe2, 0xa9, 0x0, 0x32, 0xe0, 0x7, 0xe1, 0x57,
    0x0, 0xff, 0xef, 0x8, 0x1, 0xc0, 0x3c, 0x9f,
    0xf0, 0x3, 0x3f, 0xd6, 0x1, 0x84, 0x8b, 0x80,
    0x4, 0x5e, 0x0, 0x26, 0xef, 0x0, 0x3f, 0x77,
    0x60, 0x1f, 0xf0, 0x7, 0xfa, 0x3e, 0x80, 0x3f,
    0xfc, 0xe4, 0x58, 0x0, 0xc4, 0x50, 0x80, 0x61,
    0xdd, 0xc0, 0xb, 0xdd, 0x98, 0x0, 0x26, 0x7f,
    0xfc, 0x1, 0x0, 0x16, 0x67, 0xff, 0x1, 0x80,
    0x0,

    /* U+5206 "分" */
    0x0, 0xff, 0xe5, 0xdd, 0x10, 0x1, 0x31, 0x40,
    0x3f, 0x91, 0xa, 0x60, 0x11, 0xd8, 0x7, 0xf4,
    0x3, 0x8, 0x1, 0x10, 0x32, 0x1, 0xf3, 0x98,
    0x40, 0x6, 0x90, 0x65, 0x0, 0xe3, 0x80, 0x91,
    0x0, 0xc5, 0x21, 0x46, 0x1, 0x1e, 0x82, 0x30,
    0x7, 0x99, 0x3, 0x4c, 0xf, 0x4, 0x6, 0x67,
    0xea, 0x10, 0x1d, 0x3, 0x42, 0x22, 0xb3, 0x7c,
    0xaa, 0x62, 0xd0, 0x5, 0xe4, 0xd5, 0x8, 0x1e,
    0xaa, 0x40, 0xed, 0x30, 0x8, 0x51, 0x54, 0x61,
    0x4a, 0xb1, 0x0, 0x80, 0x7e, 0x11, 0x88, 0x2,
    0x30, 0x30, 0xf, 0xcc, 0x8, 0x1, 0x84, 0x4,
    0x3, 0xe1, 0x90, 0xe0, 0xc, 0xe0, 0xe0, 0x1f,
    0x50, 0x9a, 0x0, 0x62, 0x2, 0x0, 0xe3, 0xc4,
    0x1e, 0x0, 0xc4, 0x20, 0x20, 0x1a, 0xb0, 0xc7,
    0x8, 0x13, 0xb9, 0xa0, 0x80, 0x1d, 0x80, 0xde,
    0x40, 0x4, 0x11, 0x1, 0xc8, 0x7, 0x37, 0x48,
    0x80, 0x6f, 0xfb, 0x8, 0x3, 0x0,

    /* U+5220 "删" */
    0x0, 0xff, 0xe3, 0x3f, 0xfd, 0x4f, 0xff, 0x90,
    0x0, 0x3f, 0x20, 0x12, 0x0, 0x64, 0x30, 0x1,
    0xa8, 0x7, 0xa8, 0x40, 0x2a, 0x80, 0x5, 0xd8,
    0x3, 0xff, 0xd4, 0x98, 0x12, 0x2f, 0x81, 0x3c,
    0x1c, 0x1, 0xd8, 0x80, 0xe0, 0x48, 0xe, 0xa0,
    0xa2, 0x1, 0xa9, 0x42, 0x40, 0xd4, 0x25, 0xc2,
    0x4, 0x3, 0x16, 0x83, 0x8b, 0x68, 0x3e, 0x1,
    0x80, 0x7f, 0xde, 0x2, 0x1, 0xfd, 0xe0, 0x20,
    0x1, 0x0, 0xff, 0x84, 0x3, 0x18, 0x80, 0x68,
    0xf0, 0xc, 0x44, 0x0, 0x84, 0x80, 0x38, 0x40,
    0x32, 0xb8, 0x4, 0xaa, 0x0, 0xfe, 0x31, 0x2a,
    0x11, 0xba, 0xa0, 0x1c, 0x6e, 0x80, 0x40, 0xa5,
    0xb, 0x4d, 0x5c, 0x94, 0xc5, 0xd0, 0xe8, 0xf4,
    0x7b, 0x5b, 0xb, 0x7a, 0x80, 0x19, 0xf8, 0x40,

    /* U+5230 "到" */
    0xe, 0xff, 0xfc, 0xe0, 0x10, 0xfe, 0x83, 0xaa,
    0x0, 0x15, 0x15, 0x47, 0x3a, 0x20, 0x1a, 0x6b,
    0x2, 0x20, 0xdd, 0x48, 0x44, 0x30, 0xf, 0x48,
    0xb1, 0x94, 0x80, 0x7f, 0xa0, 0x60, 0x45, 0x4,
    0xe0, 0x1f, 0x91, 0xc3, 0x73, 0x60, 0x24, 0x3,
    0xf3, 0x0, 0x14, 0x59, 0x50, 0x4c, 0x3, 0xe2,
    0xdf, 0xe4, 0xca, 0xbc, 0x30, 0xf, 0xc4, 0x0,
    0x6b, 0x0, 0x18, 0x7, 0xe6, 0xff, 0x80, 0xff,
    0xe2, 0x0, 0xf8, 0x95, 0x60, 0x15, 0x58, 0xc0,
    0x3e, 0x4a, 0xa8, 0xa, 0xaa, 0x10, 0xf, 0xfe,
    0x8, 0xa4, 0x15, 0x71, 0x0, 0x70, 0xa4, 0x1,
    0xf5, 0xbb, 0x8, 0x80, 0x3b, 0xb9, 0x6e, 0x1,
    0x84, 0x3, 0xf1, 0x0, 0x9, 0x62, 0xfb, 0x88,
    0x13, 0xbe, 0xc, 0x1f, 0xbf, 0xb4, 0xe8, 0x20,
    0x16, 0x10, 0x1c, 0x0,

    /* U+5236 "制" */
    0x0, 0xe2, 0x20, 0x7, 0xff, 0x3, 0x64, 0x77,
    0x80, 0x3e, 0x1f, 0xc0, 0x32, 0x30, 0xf, 0x8b,
    0xa4, 0x3, 0x20, 0x2f, 0x1, 0xff, 0xc4, 0x2,
    0x60, 0x1a, 0x80, 0xcc, 0x0, 0x33, 0xc0, 0x1e,
    0x32, 0x7c, 0xd0, 0x3c, 0xc8, 0x40, 0x3e, 0x24,
    0xcd, 0x3, 0xcc, 0xa8, 0x3, 0xce, 0x46, 0x70,
    0x0, 0xce, 0x70, 0xf, 0x27, 0xfd, 0xc0, 0x7f,
    0xf6, 0x80, 0x7c, 0xb1, 0x10, 0x14, 0x4c, 0x0,
    0x7e, 0xf7, 0x73, 0x0, 0xbb, 0x38, 0x7, 0xfb,
    0x2c, 0xf, 0x4c, 0x3, 0xfe, 0x25, 0x0, 0x13,
    0x80, 0xb, 0x20, 0x3, 0xff, 0x86, 0x64, 0x1,
    0xfe, 0x66, 0x0, 0x7f, 0xf0, 0xfc, 0x90, 0x3,
    0xf5, 0x78, 0x80, 0x53, 0xd6, 0x0, 0x5f, 0xe0,
    0x70, 0xf, 0xc2, 0x1, 0x28, 0x0, 0xe0, 0x3,
    0xf, 0xe0, 0x7, 0xbf, 0xd8, 0x60,

    /* U+5237 "刷" */
    0x8, 0xff, 0xfc, 0x40, 0x10, 0xfe, 0x0, 0x46,
    0x89, 0x88, 0x0, 0xac, 0x1, 0xf7, 0xdd, 0xe5,
    0x0, 0x44, 0x80, 0x7f, 0xf3, 0x37, 0xbb, 0x38,
    0x7, 0xff, 0x0, 0xcc, 0x20, 0x44, 0x0, 0xff,
    0x6e, 0xb0, 0x1b, 0x74, 0x40, 0x1f, 0xd5, 0x10,
    0x4, 0x88, 0x10, 0x7, 0xc2, 0xc, 0xec, 0x6,
    0xee, 0x60, 0xf, 0xe1, 0x4d, 0x6, 0xc0, 0xf,
    0xe3, 0x3, 0x3, 0x1, 0x10, 0x7, 0xf3, 0x8,
    0x80, 0x3e, 0x11, 0x0, 0x71, 0x10, 0x3, 0xf6,
    0x70, 0x6, 0x21, 0x50, 0xc, 0x58, 0xe, 0x1,
    0xe4, 0xf, 0x4c, 0x0, 0x14, 0xc8, 0xc0, 0x3d,
    0x80, 0xf0, 0xe0, 0x13, 0xb0, 0x2, 0xfb, 0x80,
    0xd5, 0x41, 0x0, 0xfe, 0xc1, 0x11, 0xc0,

    /* U+524D "前" */
    0x0, 0xc4, 0x60, 0x1e, 0x33, 0x0, 0x7c, 0x9b,
    0xa1, 0x0, 0xef, 0xc7, 0x0, 0xf2, 0x30, 0xd0,
    0x6, 0x53, 0x27, 0x0, 0x86, 0xee, 0x50, 0x6b,
    0xbd, 0x40, 0xb, 0xb8, 0x4d, 0x12, 0x30, 0x24,
    0x4c, 0x0, 0x24, 0x48, 0xcb, 0xff, 0xff, 0x88,
    0x40, 0x7, 0x7f, 0x30, 0xa, 0x8, 0x56, 0x88,
    0x0, 0x62, 0x3e, 0x7, 0xb7, 0x6, 0x23, 0x0,
    0xc7, 0x99, 0x0, 0x7f, 0xf0, 0x86, 0xee, 0x0,
    0xff, 0xe1, 0x13, 0xbc, 0x1, 0xff, 0xc2, 0x4f,
    0xf8, 0x3, 0xff, 0x84, 0xb7, 0x70, 0x7, 0xff,
    0xd, 0xde, 0x0, 0xff, 0xe1, 0x2e, 0x64, 0x1,
    0x36, 0xb0, 0x7, 0xff, 0x10, 0x80, 0x3f, 0xe8,
    0xa0, 0x30, 0x1, 0x6e, 0x8c, 0xc, 0x3, 0x8,
    0x1, 0x4a, 0x0, 0x4, 0x4, 0x49, 0x10,

    /* U+52A8 "动" */
    0x0, 0xff, 0xab, 0xcc, 0x3, 0x97, 0x33, 0xce,
    0x1, 0xfe, 0x23, 0x3f, 0x70, 0x0, 0x40, 0x3e,
    0x7f, 0xff, 0x49, 0xa3, 0x82, 0xa2, 0x40, 0x1f,
    0xee, 0xb3, 0x9, 0xbb, 0x80, 0x17, 0x7f, 0x55,
    0xb8, 0x83, 0x38, 0x80, 0x5, 0x13, 0xf3, 0x41,
    0x4, 0x40, 0x2, 0x1f, 0xf0, 0x86, 0xff, 0xb8,
    0x0, 0x40, 0x20, 0x1e, 0x11, 0x11, 0x4c, 0x1,
    0x8, 0x80, 0x2, 0x1, 0x9c, 0x14, 0x22, 0x44,
    0x8, 0x8, 0x2, 0x10, 0xb, 0x42, 0x83, 0xc1,
    0x81, 0x81, 0x40, 0x23, 0x0, 0xa, 0x19, 0x8,
    0x2, 0xc3, 0x3, 0xc0, 0x40, 0x40, 0x16, 0x0,
    0xde, 0xa0, 0x31, 0x50, 0x40, 0x30, 0x70, 0xc,
    0x64, 0x46, 0x50, 0xb2, 0x28, 0x18, 0x4, 0x1,
    0x87, 0x1b, 0xa9, 0xbd, 0x70, 0xb0, 0x1, 0x81,
    0x0, 0x1b, 0x1c, 0x80, 0x3, 0x64, 0x44, 0xdd,
    0x40, 0x60, 0x7, 0xf5, 0x8f, 0x10, 0x10, 0x32,
    0x0, 0x7f, 0x17, 0x18, 0x6f, 0xfa, 0x40, 0x0,

    /* U+5355 "单" */
    0x0, 0xd1, 0x82, 0x1, 0xd8, 0xe0, 0x1f, 0x88,
    0xe8, 0x3, 0x39, 0xe8, 0x7, 0xea, 0x14, 0x40,
    0x0, 0x64, 0x6c, 0x3, 0xd5, 0xfe, 0x10, 0xbf,
    0xf7, 0x8, 0xbb, 0xcc, 0x3, 0x8, 0x22, 0xa9,
    0x0, 0xa, 0xb0, 0x80, 0x7e, 0xf8, 0x88, 0x1,
    0x11, 0x10, 0x7, 0xeb, 0xdd, 0x60, 0x3, 0x76,
    0x30, 0xf, 0xd1, 0x54, 0x90, 0x5, 0x54, 0x40,
    0x1f, 0x91, 0x54, 0x80, 0x2a, 0xb0, 0x80, 0x7e,
    0xcf, 0xf6, 0x80, 0xff, 0xc6, 0x1, 0xed, 0x66,
    0xe0, 0x3, 0x37, 0x8, 0x4, 0x2f, 0x11, 0xac,
    0x1, 0x11, 0xc6, 0x20, 0x5d, 0xde, 0xd0, 0x7,
    0x77, 0xc4, 0x68, 0x9f, 0x0, 0x11, 0x3e, 0x31,
    0xbb, 0xf5, 0x0, 0xdd, 0xfc, 0x20, 0x1f, 0xfd,
    0x80,

    /* U+539F "原" */
    0x0, 0x77, 0xff, 0xff, 0x8, 0x40, 0x31, 0x9f,
    0xff, 0x4, 0x40, 0x36, 0x67, 0x8, 0xab, 0x33,
    0x80, 0x3c, 0x45, 0x31, 0x17, 0xc0, 0x1f, 0x7e,
    0xea, 0x40, 0x17, 0xbb, 0x60, 0x7, 0xf5, 0x5d,
    0xf5, 0x0, 0x7f, 0xc4, 0x5f, 0x0, 0x7f, 0xd1,
    0x33, 0xd0, 0x1, 0xe1, 0x10, 0x5, 0xdf, 0xfd,
    0xc0, 0x1f, 0x18, 0x5, 0x31, 0x1d, 0x20, 0x1c,
    0x40, 0x20, 0x20, 0xef, 0xf0, 0x18, 0x4, 0xc0,
    0xc1, 0x9b, 0xfe, 0xc0, 0x5f, 0xee, 0x68, 0x4,
    0x61, 0xa0, 0x39, 0xe2, 0x1, 0x17, 0xe0, 0x6,
    0xc0, 0x40, 0xa1, 0x81, 0x0, 0x89, 0x8a, 0x80,
    0x24, 0x3, 0x94, 0x43, 0x80, 0x74, 0x1a, 0xb8,
    0x28, 0x29, 0x21, 0x54, 0x54, 0x0, 0x6d, 0x1a,
    0x5, 0xc9, 0x2d, 0xc1, 0xf5, 0x42, 0x90, 0x0,
    0xee, 0x80, 0x6, 0x60, 0x0, 0x83, 0xff, 0xb4,
    0xc0, 0x23, 0x0, 0x0,

    /* U+53D6 "取" */
    0x1f, 0xff, 0xc2, 0x1, 0xff, 0xc5, 0x68, 0x8e,
    0x96, 0x1, 0xf0, 0x2f, 0xf0, 0x87, 0xe3, 0xbf,
    0x34, 0x80, 0x7f, 0xb8, 0xa, 0x65, 0x0, 0x40,
    0x18, 0xae, 0xc2, 0x0, 0x51, 0x6, 0x62, 0x83,
    0x80, 0x72, 0x20, 0x3, 0x29, 0x0, 0x10, 0x34,
    0x3, 0x17, 0xf8, 0x40, 0x2c, 0x4, 0xc, 0x3,
    0x0, 0xff, 0x90, 0x30, 0x10, 0x10, 0x3, 0x17,
    0xf8, 0x40, 0x23, 0x6, 0x41, 0x40, 0xf, 0x22,
    0x0, 0x39, 0x46, 0x43, 0x80, 0x38, 0xae, 0xc2,
    0x1, 0xb8, 0x8, 0x54, 0x3, 0xe2, 0x10, 0x94,
    0x4, 0x10, 0x60, 0x8, 0x60, 0xb, 0xf4, 0x0,
    0xc6, 0xa, 0x20, 0x80, 0x19, 0xc0, 0x23, 0x0,
    0x6b, 0x95, 0x80, 0x9c, 0x80, 0x6, 0x2f, 0xbf,
    0x4, 0x8, 0x98, 0x2d, 0x80, 0xd2, 0x0, 0x74,
    0x10, 0xc, 0x3a, 0x2b, 0x25, 0x60, 0xca, 0x1,
    0xf8, 0x5d, 0xd4, 0x0, 0x4c, 0x75, 0x0, 0xf7,
    0x78, 0x44, 0x0, 0x31, 0xc0, 0x0,

    /* U+53D8 "变" */
    0x0, 0xf8, 0x5d, 0x80, 0x3f, 0xf8, 0x91, 0x22,
    0x1, 0xfa, 0x2e, 0xfa, 0x84, 0x32, 0xef, 0xa0,
    0x0, 0x89, 0xf0, 0x81, 0x22, 0x78, 0x1, 0x9f,
    0x97, 0xc0, 0x5f, 0xe2, 0xe, 0xcf, 0xf6, 0x0,
    0x6e, 0xb2, 0x0, 0xf3, 0x65, 0x80, 0x74, 0x93,
    0x90, 0x7, 0x99, 0x89, 0x60, 0x13, 0x30, 0xe0,
    0x3, 0xf4, 0xb2, 0x40, 0x1, 0xa7, 0x40, 0x3f,
    0xd3, 0x10, 0x0, 0x98, 0x40, 0x73, 0xc0, 0x1f,
    0xa2, 0x20, 0x70, 0xd, 0x7f, 0xf6, 0x6f, 0xfb,
    0x75, 0xfd, 0x80, 0x1d, 0x88, 0x0, 0x55, 0xf0,
    0x1, 0x80, 0x39, 0xed, 0x80, 0x6e, 0xaa, 0x0,
    0x15, 0x80, 0x7d, 0x2c, 0x9e, 0xa9, 0xaa, 0x78,
    0x20, 0x1f, 0xa6, 0x6, 0xac, 0x9b, 0x4, 0x3,
    0xc4, 0xb1, 0x90, 0x1, 0x9b, 0x21, 0x48, 0x2,
    0xdd, 0x53, 0x9a, 0x4f, 0x72, 0xc, 0xcf, 0x5b,
    0xc2, 0x10, 0xb1, 0x9f, 0x6c, 0x22, 0x7c, 0xeb,
    0x75, 0xb1,

    /* U+53EA "只" */
    0x1, 0xee, 0xff, 0xe0, 0x50, 0x6, 0x11, 0xff,
    0xe0, 0x30, 0x7, 0xf, 0xff, 0xeb, 0x0, 0xff,
    0xfb, 0x88, 0x7, 0xc3, 0xff, 0xfa, 0x80, 0x3c,
    0x67, 0xff, 0xc0, 0x50, 0x8, 0x73, 0x3f, 0xf8,
    0x12, 0x1, 0xe2, 0xa4, 0x0, 0x92, 0xc8, 0x3,
    0xe2, 0xc5, 0xf0, 0xb, 0x93, 0x50, 0x3, 0x8f,
    0x5, 0x2c, 0x2, 0xa7, 0xb, 0x60, 0x9, 0xf0,
    0x56, 0xc0, 0x3a, 0x24, 0x25, 0xc2, 0x60, 0x1e,
    0x80, 0x3e, 0x69, 0x8, 0x39, 0x7c, 0x80, 0xf,
    0xe6, 0x9c, 0x30,

    /* U+53EF "可" */
    0x3f, 0xff, 0xfe, 0x20, 0x8, 0x7, 0xff, 0x14,
    0xbf, 0xff, 0xee, 0x1, 0xff, 0x0, 0x7f, 0xf2,
    0x63, 0xfb, 0xbc, 0x1, 0xfe, 0x10, 0x11, 0xf0,
    0x7, 0xff, 0x2, 0xff, 0xe1, 0x0, 0xff, 0xf2,
    0xce, 0x64, 0x20, 0x1f, 0xfc, 0x12, 0x33, 0x80,
    0x3f, 0xf8, 0x55, 0xff, 0xc0, 0x1f, 0xed, 0x87,
    0x0, 0xff, 0xe1, 0xa3, 0x90, 0x7, 0xc6, 0x1,
    0xff, 0xc2, 0xcf, 0xf6, 0x81, 0x0, 0x7f, 0xf0,
    0x2c, 0x2, 0x3f, 0x0, 0xff, 0xe0, 0x3f, 0xfd,
    0x86, 0x1, 0x0,

    /* U+53F3 "右" */
    0x0, 0xf8, 0x40, 0x3f, 0xf8, 0x65, 0xdc, 0x0,
    0xff, 0xe1, 0x38, 0x28, 0x7, 0xff, 0xb, 0xc3,
    0x0, 0x3f, 0xbf, 0xf9, 0x42, 0x3f, 0xff, 0x1,
    0x91, 0x42, 0x0, 0x22, 0xfe, 0xc, 0xdd, 0x94,
    0x27, 0x77, 0xf8, 0x3, 0x1a, 0xb, 0x0, 0x7f,
    0xf0, 0x7c, 0x18, 0x3, 0xff, 0x82, 0xc6, 0xf,
    0xff, 0xfa, 0xc0, 0x23, 0x90, 0x0, 0x91, 0x78,
    0x40, 0x31, 0xe8, 0x10, 0x3e, 0xef, 0xac, 0x2,
    0x3c, 0x14, 0x80, 0xf, 0xfe, 0x1, 0x92, 0x58,
    0x7, 0xff, 0xb, 0x2c, 0x2, 0x31, 0x1f, 0x0,
    0x70, 0x80, 0x65, 0xee, 0xf5, 0x0, 0x7f, 0x9,
    0x9f, 0x88, 0x3, 0xf9, 0xf3, 0x3d, 0x0, 0x1f,
    0x2f, 0x48, 0x7, 0x97, 0xec, 0x0,

    /* U+53F7 "号" */
    0x0, 0x6f, 0xff, 0xfb, 0x40, 0x3c, 0x89, 0xf1,
    0x80, 0x7e, 0xab, 0xbf, 0x78, 0x7, 0xff, 0x33,
    0xbf, 0xfd, 0x80, 0x1e, 0x55, 0xff, 0xe0, 0x0,
    0x68, 0xaa, 0xff, 0x40, 0x3, 0xff, 0xff, 0x87,
    0xc8, 0x90, 0x80, 0xa2, 0x7f, 0xae, 0xe2, 0x8,
    0xbb, 0xfe, 0xa0, 0x1, 0x18, 0x5e, 0x67, 0xd4,
    0x1, 0x94, 0x0, 0x46, 0x7f, 0x30, 0x6, 0x7f,
    0xff, 0xd0, 0xa, 0x1, 0xff, 0xc1, 0xd0, 0xf0,
    0xf, 0xfe, 0xa, 0x2, 0x80, 0x7e, 0x1c, 0xc5,
    0xe8, 0x91, 0x80, 0x7e, 0x16, 0x34, 0x23, 0xe0,
    0xf, 0xf5, 0x7f, 0xd8, 0x60, 0x10,

    /* U+540E "后" */
    0x0, 0xff, 0xe1, 0x8, 0x7, 0xfc, 0x48, 0xd1,
    0x7b, 0xce, 0x1, 0x8b, 0x31, 0xbf, 0xed, 0xb9,
    0x74, 0x22, 0x70, 0x80, 0x42, 0x66, 0x3, 0x46,
    0x79, 0xbd, 0xfd, 0x91, 0x0, 0xe3, 0xdc, 0xb9,
    0x86, 0x42, 0x0, 0xff, 0x8, 0xff, 0xf0, 0x0,
    0x38, 0xfb, 0xbf, 0xf8, 0x12, 0x1, 0xc6, 0x7f,
    0xfc, 0xe, 0x0, 0xc9, 0x99, 0xff, 0xc0, 0x70,
    0x3, 0x80, 0x42, 0x3f, 0xe0, 0xc, 0x40, 0x21,
    0xdd, 0xfe, 0x40, 0xb, 0x80, 0x80, 0x24, 0x4f,
    0x8, 0x7, 0x18, 0x70, 0x0, 0x6e, 0xfc, 0x40,
    0x1c, 0x80, 0x80, 0x1f, 0xfc, 0x25, 0x1, 0x20,
    0xf, 0xfe, 0x14, 0x3, 0x80, 0x43, 0xff, 0xe3,
    0x0, 0x88, 0xc2, 0x80, 0x31, 0x9f, 0x80, 0x31,
    0x6a, 0x98, 0x4, 0x39, 0x9e, 0x30, 0xc, 0x74,
    0x1, 0x7f, 0x0, 0x7b, 0x3d, 0x0,

    /* U+5426 "否" */
    0xe, 0xff, 0xff, 0xe1, 0x68, 0x1, 0x4c, 0xfc,
    0x20, 0x2, 0x33, 0xce, 0x0, 0xbc, 0xce, 0x91,
    0x7, 0xdc, 0xcd, 0x40, 0x1e, 0x1a, 0xa0, 0x2,
    0x1d, 0xc2, 0x1, 0xf9, 0xfd, 0x40, 0x23, 0x88,
    0x73, 0x80, 0x62, 0x8e, 0x81, 0x4d, 0x0, 0x1f,
    0x38, 0x47, 0x28, 0x26, 0xb8, 0x9d, 0xd8, 0x80,
    0x21, 0x8e, 0x51, 0xa2, 0x47, 0x4b, 0xc4, 0x0,
    0xf8, 0x6a, 0x96, 0x41, 0x16, 0x80, 0x1a, 0xac,
    0x3, 0x95, 0x0, 0x34, 0xd5, 0x6f, 0xea, 0xae,
    0x10, 0xe, 0x65, 0x5f, 0xf8, 0xc0, 0x3e, 0xef,
    0xff, 0x80, 0x3f, 0xc2, 0x1, 0xff, 0xd7, 0xbb,
    0xfc, 0x1, 0xfe, 0x44, 0xfc, 0x1, 0xfe, 0xff,
    0xfc, 0x1, 0xfb, 0xfc, 0x1, 0xfb, 0xfc, 0x40,
    0x0,

    /* U+542F "启" */
    0x0, 0xfe, 0x10, 0xf, 0xfe, 0x12, 0x7e, 0x0,
    0x7f, 0xf0, 0x90, 0x88, 0x80, 0x1f, 0x9b, 0x33,
    0x8c, 0x2b, 0x33, 0x50, 0x5, 0xe6, 0x7c, 0x20,
    0x26, 0x79, 0xc0, 0x3a, 0x3f, 0xff, 0x70, 0x7,
    0xff, 0x32, 0x3f, 0xff, 0x70, 0x7, 0xc4, 0x67,
    0xfe, 0x70, 0xe, 0xbc, 0xcf, 0xf5, 0x0, 0x46,
    0x7, 0x77, 0xff, 0x18, 0x1, 0x81, 0x91, 0x3f,
    0xe7, 0x0, 0x18, 0x10, 0xf, 0xff, 0xc8, 0x1,
    0x18, 0x8, 0x80, 0x3f, 0xf8, 0x36, 0x8, 0x1,
    0xff, 0xc1, 0x16, 0xf, 0x0, 0xf, 0xff, 0xc8,
    0x0, 0x71, 0x12, 0x80, 0x48, 0x9f, 0x8, 0x1,
    0x96, 0x0, 0x21, 0xbb, 0xf9, 0x40, 0x2a, 0x60,
    0x7, 0xf0, 0x7, 0xd7, 0xe8,

    /* U+544A "告" */
    0x0, 0x93, 0x60, 0x1, 0xbe, 0x40, 0x1f, 0xde,
    0x40, 0x1f, 0xfc, 0x24, 0x40, 0x2e, 0xe8, 0x83,
    0xf7, 0x73, 0x0, 0x52, 0x0, 0x22, 0x80, 0x4,
    0x5c, 0x20, 0xb, 0x23, 0xff, 0xc4, 0x1b, 0xff,
    0x9c, 0x1, 0xe9, 0xc0, 0x1f, 0xfc, 0x13, 0xb4,
    0xdf, 0xfc, 0x41, 0xbf, 0xfd, 0x42, 0x45, 0xff,
    0xc3, 0x32, 0xdd, 0xff, 0xe1, 0xc8, 0x5, 0x57,
    0x7f, 0xf0, 0x7, 0x22, 0x7f, 0xf0, 0x4, 0x3,
    0xdd, 0xff, 0xf0, 0x7, 0xff, 0x38, 0xc0, 0x3f,
    0xf8, 0x9b, 0xff, 0xf0, 0x7, 0xf1, 0x9f, 0xe0,
    0xf, 0xed, 0xcc, 0xf8, 0x3, 0xee, 0xf1, 0x0,
    0xfb, 0xfc, 0x20,

    /* U+56DE "回" */
    0xef, 0xff, 0xfe, 0x12, 0x0, 0x7f, 0xf1, 0xbb,
    0xff, 0xfc, 0x40, 0x1f, 0xfc, 0xa1, 0x1f, 0x80,
    0x3f, 0xbf, 0xbb, 0xc4, 0x1, 0xfe, 0x66, 0x84,
    0x3, 0xfe, 0x19, 0x98, 0x80, 0x3f, 0xfb, 0xe3,
    0xff, 0x18, 0x7, 0xf9, 0xd5, 0x7c, 0x60, 0x1f,
    0xa6, 0xab, 0xc2, 0x1, 0xe3, 0x0, 0xff, 0xe1,
    0xef, 0xff, 0xf8, 0x80, 0x31, 0x9f, 0xfc, 0x1,
    0xdb, 0x99, 0xfe, 0x20, 0x0,

    /* U+56FA "固" */
    0xcf, 0xff, 0xfe, 0x11, 0x80, 0xc, 0xff, 0xe0,
    0xe, 0xec, 0xcf, 0xf1, 0x80, 0x7e, 0x1e, 0xa0,
    0xf, 0xfe, 0x9, 0x8b, 0x0, 0x7f, 0xbb, 0xfd,
    0xa0, 0x7f, 0xf5, 0x80, 0x7a, 0x5d, 0xe0, 0x17,
    0x7b, 0x80, 0x3c, 0xf1, 0x9, 0x2, 0x88, 0x94,
    0x3, 0xef, 0xf7, 0x1, 0xff, 0xb0, 0x3, 0xf8,
    0xe2, 0x30, 0x7, 0xfc, 0xce, 0xf8, 0x3, 0xfe,
    0x5f, 0xfc, 0x1, 0xfe, 0x77, 0xfa, 0x80, 0x3f,
    0x44, 0x7c, 0xc0, 0x1e, 0xdf, 0xff, 0xf1, 0x80,
    0x62, 0x33, 0xff, 0x0, 0x77, 0xe6, 0x7f, 0x8c,
    0x0,

    /* U+5728 "在" */
    0x0, 0xf0, 0x98, 0x7, 0xff, 0x11, 0xb2, 0x80,
    0x3f, 0xf8, 0x74, 0x1e, 0x1, 0xfe, 0xcd, 0xdc,
    0x41, 0x1b, 0xbf, 0x80, 0x6, 0x45, 0x80, 0x4,
    0x5f, 0xc0, 0xf, 0xfb, 0x0, 0x1b, 0xff, 0xfc,
    0x1, 0xd0, 0xe, 0x40, 0x5, 0xf8, 0x0, 0xfc,
    0xc8, 0x30, 0x1, 0x18, 0x7, 0xf1, 0xc8, 0x58,
    0x7, 0xff, 0x5, 0x30, 0x0, 0xe5, 0xbb, 0x40,
    0x36, 0xec, 0x60, 0x96, 0x1, 0xc4, 0x50, 0x80,
    0x91, 0x4e, 0x8, 0x2e, 0x40, 0x2, 0xff, 0xa4,
    0x1f, 0xfe, 0x40, 0x7, 0xc0, 0x7, 0xff, 0x10,
    0x40, 0x3f, 0xfb, 0x99, 0xdd, 0x48, 0x3f, 0x75,
    0xa0, 0x1f, 0x10, 0x8c, 0x1, 0x8, 0xc4, 0x1,
    0xff, 0xc7,

    /* U+573A "场" */
    0x0, 0xf, 0xd8, 0xf, 0xff, 0xdc, 0x80, 0x1f,
    0xc4, 0x5c, 0x0, 0x17, 0x0, 0xfc, 0x3b, 0xb9,
    0x40, 0x70, 0xc0, 0x24, 0x40, 0x3a, 0x10, 0x0,
    0x6d, 0xcb, 0xcc, 0x2, 0x1b, 0xa0, 0x3b, 0xa0,
    0x4f, 0x45, 0xd1, 0x0, 0xe4, 0x40, 0xa, 0x75,
    0xd8, 0x41, 0xb3, 0x38, 0x45, 0x74, 0xb, 0x6c,
    0x20, 0x11, 0x9f, 0x80, 0x3f, 0x5f, 0x40, 0x4c,
    0x82, 0x4c, 0x4, 0x3, 0xe1, 0x14, 0x8b, 0x60,
    0x38, 0x80, 0x7f, 0xa4, 0x60, 0x55, 0x4, 0xc4,
    0x3, 0xca, 0xa6, 0x61, 0xb3, 0x3, 0x80, 0x4c,
    0x2, 0x30, 0x4a, 0xb9, 0x1d, 0x9, 0x25, 0x0,
    0x30, 0x15, 0xe8, 0x0, 0xee, 0x3c, 0x64, 0x60,
    0x8, 0x4, 0xd, 0x0, 0xef, 0x15, 0xc5, 0x19,
    0x14, 0x1c, 0x8, 0x5, 0xaf, 0x10, 0x2, 0x3b,
    0x1a, 0x0, 0x60, 0x68, 0x2, 0x50, 0x3, 0x2e,
    0xe, 0x8d, 0xe3, 0x2, 0x0, 0x7e, 0x63, 0xc3,
    0x1, 0x31, 0x91, 0x0,

    /* U+5904 "处" */
    0x0, 0xff, 0xe4, 0xb6, 0xb0, 0x6, 0x2f, 0xe0,
    0xf, 0xde, 0x42, 0x1, 0xff, 0xc3, 0x40, 0xc9,
    0xa9, 0x30, 0xf, 0xf8, 0x81, 0x19, 0x59, 0x40,
    0x3f, 0xca, 0x7, 0xba, 0x20, 0x20, 0x0, 0xf1,
    0x0, 0x77, 0x85, 0x91, 0xc, 0x18, 0x2, 0x1f,
    0x0, 0xc2, 0xa1, 0xe0, 0x22, 0x2, 0x0, 0x9,
    0x94, 0x80, 0x52, 0x0, 0x50, 0x40, 0x40, 0xd,
    0xa0, 0xca, 0x2, 0xe0, 0x64, 0x4c, 0xc, 0x0,
    0xc3, 0x21, 0x60, 0x39, 0x10, 0xb, 0x70, 0x50,
    0xe, 0x64, 0xb0, 0x1, 0xba, 0xb, 0x9, 0x10,
    0x3, 0xd6, 0xa0, 0x1d, 0x0, 0xb, 0x0, 0xff,
    0xe1, 0x70, 0x3, 0x80, 0x3f, 0xf8, 0x28, 0xe0,
    0x7, 0x90, 0x29, 0x80, 0xf, 0x96, 0xc1, 0xac,
    0x1b, 0xa4, 0x90, 0x3, 0x86, 0xa8, 0x9, 0x29,
    0x86, 0x2d, 0x7b, 0xff, 0x98, 0x18, 0x1e, 0xc0,
    0x7, 0x96, 0xc6, 0x20, 0x19, 0xc7, 0x72, 0x0,
    0x39, 0x27, 0x3b, 0xff, 0x8,

    /* U+5907 "备" */
    0x0, 0xf0, 0x88, 0x3, 0xff, 0x89, 0x9c, 0xc0,
    0x1f, 0xfc, 0x11, 0xc2, 0xd, 0xbb, 0xd8, 0xa0,
    0x1e, 0x3c, 0x30, 0x2, 0x27, 0x1e, 0x80, 0x61,
    0x9c, 0x20, 0x4e, 0xff, 0x71, 0x82, 0xc0, 0x6,
    0x26, 0x1a, 0x54, 0xe7, 0x77, 0x1b, 0x50, 0x7,
    0x1e, 0xf2, 0xd3, 0x4, 0x40, 0x16, 0x0, 0x3c,
    0x6f, 0x17, 0xec, 0x4, 0x60, 0xbd, 0xca, 0x86,
    0x22, 0x65, 0x3a, 0x13, 0x66, 0xe6, 0xc2, 0xa,
    0xbc, 0x81, 0x43, 0x8a, 0x20, 0x2a, 0x65, 0x7c,
    0x4c, 0x75, 0x64, 0xf, 0x22, 0x8c, 0xdf, 0xc6,
    0xa8, 0x1, 0xc3, 0xff, 0x8, 0x6f, 0xf8, 0x40,
    0x3f, 0xc, 0x44, 0x21, 0x71, 0x1, 0x0, 0xfe,
    0x77, 0x80, 0xc, 0xee, 0x0, 0xfe, 0x1f, 0xf8,
    0x43, 0xbf, 0xc2, 0x1, 0xf8, 0x77, 0x61, 0xc,
    0xdd, 0x8, 0x7, 0xff, 0x0, 0x88, 0x1, 0xff,
    0xc0, 0x1d, 0xdf, 0xc2, 0x1, 0xe1, 0xfe, 0x0,
    0xfd, 0xde, 0x1, 0x0,

    /* U+590D "复" */
    0x0, 0xff, 0xe5, 0x57, 0x98, 0x7, 0xff, 0x9,
    0x54, 0x13, 0x3f, 0xe7, 0x0, 0x8e, 0x80, 0xa,
    0xcd, 0xfd, 0xa0, 0x4, 0xc0, 0x7d, 0xdf, 0xf7,
    0x50, 0x3, 0x81, 0x9f, 0x77, 0xfc, 0xc0, 0x15,
    0x5d, 0x80, 0xb7, 0x7e, 0x60, 0xf, 0x20, 0x0,
    0xb7, 0x7e, 0x60, 0xf, 0xe2, 0xcc, 0xf9, 0x40,
    0x3f, 0x8b, 0x33, 0xe5, 0x0, 0xf8, 0xad, 0x41,
    0x2e, 0xfe, 0x60, 0xf, 0x62, 0x82, 0x5d, 0xfa,
    0x0, 0x38, 0xf1, 0xc0, 0x62, 0x33, 0x80, 0x18,
    0x40, 0x37, 0x9c, 0x40, 0x6c, 0xdc, 0x18, 0x1a,
    0x80, 0x3b, 0x35, 0xdd, 0x27, 0x7f, 0x3, 0x52,
    0x1, 0x85, 0xa2, 0x19, 0xf2, 0x0, 0x20, 0x5,
    0x76, 0x54, 0x20, 0xdb, 0xa9, 0x99, 0xab, 0xb7,
    0xa5, 0x88, 0xd5, 0x94, 0x3b, 0x3b, 0xf2, 0x54,
    0x40, 0x5a, 0x73, 0xfb, 0xc4,

    /* U+5929 "天" */
    0x2, 0xff, 0xff, 0xe1, 0x10, 0x0, 0x40, 0x3f,
    0xf8, 0xa7, 0xff, 0xda, 0x3, 0xff, 0xe2, 0x0,
    0xff, 0xe8, 0x18, 0x7, 0xf4, 0xe6, 0x77, 0x1,
    0x66, 0x7a, 0xc0, 0xa, 0x67, 0xe0, 0x1, 0x9f,
    0x94, 0x1, 0xd9, 0x9c, 0x60, 0x5, 0xcc, 0xed,
    0x0, 0x11, 0x9e, 0x23, 0x0, 0x21, 0x19, 0xf0,
    0x7, 0xd6, 0x6, 0xc3, 0x60, 0x1f, 0xf3, 0x28,
    0x7c, 0xa, 0xc0, 0x7, 0xf3, 0xc8, 0x39, 0x8d,
    0x3, 0xc8, 0x7, 0x8a, 0xe0, 0x1e, 0x0, 0x9,
    0x20, 0xda, 0xa0, 0x1, 0xbd, 0x40, 0xa8, 0x0,
    0xcd, 0x62, 0x55, 0xc8, 0x22, 0x6, 0xe5, 0x0,
    0xf2, 0x73, 0x8a, 0xa0, 0x57, 0xc8, 0x80, 0x7f,
    0x47, 0x58, 0x0,

    /* U+5931 "失" */
    0x0, 0x8e, 0x98, 0x7, 0xfc, 0x1, 0xff, 0x5a,
    0xf8, 0x7, 0xff, 0xd, 0x83, 0xc4, 0x80, 0x2,
    0x3c, 0x1, 0xca, 0x21, 0x3d, 0x80, 0xe, 0xee,
    0x90, 0xd, 0x0, 0x23, 0x80, 0x2, 0x3d, 0xc0,
    0x13, 0x90, 0xf7, 0x5e, 0x0, 0xee, 0xe7, 0x0,
    0xb4, 0x28, 0x2, 0x30, 0x10, 0xf, 0xeb, 0xc5,
    0x11, 0x98, 0xc, 0x47, 0xe0, 0x1e, 0xce, 0xed,
    0x60, 0x5d, 0xdf, 0x10, 0x8, 0xf8, 0x3, 0x8,
    0xf8, 0xc7, 0xbb, 0xbc, 0x2, 0x1f, 0xee, 0xe1,
    0x0, 0xf5, 0x1, 0xb0, 0xd8, 0x7, 0xfd, 0x28,
    0x1f, 0x2, 0xb2, 0x1, 0xf8, 0xb1, 0x82, 0x4c,
    0x68, 0x1a, 0xc8, 0x3, 0x1d, 0x69, 0x85, 0x30,
    0x1, 0x2c, 0x13, 0x69, 0x44, 0x5a, 0xa0, 0xba,
    0xa0, 0x19, 0x39, 0x41, 0x68, 0x86, 0x9f, 0x68,
    0x80, 0x3c, 0x35, 0xaf, 0x26,

    /* U+5982 "如" */
    0x0, 0xff, 0xe4, 0x37, 0xb8, 0x7, 0xff, 0xb,
    0x80, 0x80, 0x33, 0x37, 0x94, 0x2, 0x30, 0x70,
    0x8, 0xa6, 0x7d, 0x43, 0x76, 0x40, 0x9b, 0xca,
    0x0, 0x15, 0x54, 0x1, 0x22, 0x0, 0x8, 0x83,
    0x40, 0x3, 0x2a, 0xc0, 0x1, 0xfa, 0x6, 0xfd,
    0x2, 0x0, 0xff, 0x68, 0x60, 0x8, 0x30, 0x7,
    0xf9, 0x1, 0x1, 0x43, 0x40, 0x3f, 0x84, 0xc8,
    0x43, 0x0, 0xc0, 0x3f, 0x94, 0x9, 0x81, 0x41,
    0x0, 0x3f, 0x92, 0x82, 0x74, 0x14, 0x3, 0xfe,
    0x5c, 0x12, 0xe, 0x0, 0xff, 0xe0, 0x1a, 0x0,
    0x24, 0x40, 0x3f, 0xe9, 0x51, 0x22, 0x68, 0x1,
    0x3f, 0xe0, 0x8, 0xf1, 0x83, 0x70, 0xbc, 0x2,
    0x33, 0x80, 0x2f, 0x32, 0xd3, 0x1d, 0x30, 0x2,
    0x66, 0x44, 0x61, 0xd3, 0xa4, 0x1, 0x8b, 0x68,
    0x2, 0xdc,

    /* U+5B57 "字" */
    0x0, 0xf0, 0xb2, 0x0, 0x7f, 0xf0, 0x5e, 0x68,
    0x40, 0x3d, 0x37, 0x7d, 0xa0, 0x39, 0x77, 0xd2,
    0xa8, 0x9e, 0x0, 0x12, 0x27, 0x28, 0x3, 0x37,
    0x7f, 0xd6, 0x1, 0x88, 0xbf, 0x8c, 0x9c, 0x1,
    0x14, 0x35, 0xff, 0xf7, 0x61, 0x54, 0x22, 0x86,
    0x99, 0xf0, 0x5, 0x22, 0xa8, 0x1, 0x3e, 0x65,
    0xce, 0x5, 0x8a, 0x1, 0xfc, 0x3a, 0x8f, 0xa6,
    0x1, 0xaf, 0x33, 0xc0, 0x4, 0xcc, 0xeb, 0x53,
    0x3e, 0x20, 0x1, 0x9f, 0x97, 0xbb, 0xd8, 0x0,
    0xee, 0xf8, 0x4, 0x7c, 0x0, 0x11, 0xf0, 0x7,
    0xff, 0x34, 0x40, 0x3f, 0xed, 0xec, 0x3, 0x0,
    0xff, 0x94, 0x44, 0x52, 0x1, 0xff, 0x47, 0xfb,
    0x50, 0x3, 0xe0,

    /* U+5B58 "存" */
    0x0, 0xf0, 0x88, 0x3, 0xff, 0x89, 0x3d, 0x0,
    0x1f, 0xfc, 0x35, 0xc, 0x0, 0xff, 0x6f, 0x76,
    0x20, 0xae, 0xef, 0xc0, 0x3, 0x11, 0xc0, 0x1,
    0x1f, 0xe0, 0x7, 0x7f, 0xb4, 0x1, 0xdf, 0xff,
    0xc0, 0x1d, 0x20, 0xe5, 0x77, 0xf2, 0x80, 0x73,
    0x20, 0xc3, 0x22, 0x7d, 0x42, 0x1, 0x1c, 0x85,
    0x82, 0xf7, 0x68, 0x0, 0x50, 0x80, 0xf, 0x40,
    0x8, 0x0, 0x11, 0xa2, 0x3, 0x8a, 0x0, 0x4c,
    0x10, 0xf, 0x85, 0x87, 0xcc, 0x2, 0x60, 0x61,
    0x0, 0x56, 0xed, 0x80, 0x39, 0xbb, 0x19, 0x64,
    0x80, 0x4c, 0x45, 0x80, 0x4, 0x59, 0xc0, 0xc0,
    0x36, 0x7f, 0xdc, 0x5, 0xff, 0x90, 0x3, 0xff,
    0xc1, 0x19, 0x80, 0x10, 0xf, 0xfe, 0xf, 0x19,
    0x12, 0x40, 0x3f, 0x77, 0x88, 0x1, 0xbf, 0xda,
    0xa0, 0x1c,

    /* U+5B89 "安" */
    0x0, 0xff, 0xe5, 0x47, 0x38, 0x7, 0xff, 0x7,
    0x86, 0x44, 0x3, 0xd1, 0xff, 0xd2, 0x3, 0xdf,
    0xfd, 0x20, 0x2, 0x33, 0xff, 0x8, 0x6, 0xac,
    0xc9, 0x53, 0xb3, 0x33, 0x0, 0x3c, 0x44, 0x0,
    0x46, 0x73, 0x0, 0xde, 0x3c, 0xfc, 0xc0, 0x8,
    0x5, 0x10, 0xc, 0xfc, 0xfd, 0xff, 0x8c, 0x17,
    0xff, 0xf2, 0x99, 0x88, 0x0, 0x46, 0x70, 0x80,
    0x99, 0x92, 0xf3, 0xa, 0x5, 0xb9, 0x90, 0x2,
    0xf3, 0x16, 0x0, 0x37, 0x4, 0x0, 0xa4, 0x49,
    0x40, 0x39, 0x48, 0x1b, 0xea, 0x18, 0x38, 0x3,
    0xcd, 0xba, 0x61, 0x57, 0x4, 0x20, 0xf, 0xc7,
    0xc0, 0x19, 0x3a, 0x48, 0x0, 0x28, 0xf9, 0xd0,
    0x2b, 0xd6, 0x80, 0xdb, 0x22, 0xf7, 0x6, 0x2d,
    0xb4, 0x29, 0x78, 0x60, 0xce, 0xcc, 0x8c, 0xe9,
    0x20, 0xc, 0x79, 0x52, 0xc0,

    /* U+5BB9 "容" */
    0x0, 0xfc, 0x66, 0x0, 0xff, 0xe1, 0xa6, 0x68,
    0x7, 0xf4, 0xe6, 0x74, 0x0, 0xe6, 0x7a, 0x0,
    0x8, 0x67, 0xe0, 0x1, 0x9f, 0xc0, 0x1b, 0xbf,
    0x2f, 0xff, 0x57, 0xfa, 0xc0, 0x30, 0x80, 0xf,
    0x2d, 0x0, 0x13, 0x58, 0x6e, 0x1, 0xb3, 0xdb,
    0x2, 0x52, 0x5e, 0x1c, 0xf2, 0xfe, 0xc0, 0x7,
    0xb0, 0x16, 0xcd, 0x42, 0x46, 0xb, 0xd8, 0x4,
    0x6c, 0x9a, 0x8d, 0x22, 0x2a, 0x63, 0xf3, 0xc0,
    0xd, 0x76, 0x29, 0x90, 0xee, 0xc, 0xd0, 0x63,
    0x80, 0x72, 0xeb, 0x16, 0x19, 0x7a, 0x2f, 0x40,
    0x80, 0x4b, 0x94, 0x40, 0xd1, 0x54, 0xb1, 0x0,
    0x3f, 0x49, 0x1d, 0x19, 0x0, 0x11, 0x57, 0x80,
    0xa, 0x8, 0x47, 0x57, 0x80, 0x7f, 0xfe, 0x10,
    0xbe, 0xf0, 0x2, 0xa0, 0x7, 0xff, 0x0, 0x48,
    0x3, 0xc5, 0x77, 0xe1, 0x0, 0xff, 0xa, 0x27,
    0x80, 0x3f, 0xe3, 0xff, 0xf0, 0x80, 0x7e, 0x1f,
    0xc0, 0xf, 0x77, 0x88, 0x4,

    /* U+5BC6 "密" */
    0x0, 0xfc, 0x66, 0x0, 0xff, 0xe1, 0x9e, 0x78,
    0x7, 0xf4, 0xe6, 0x77, 0x81, 0xe6, 0x79, 0x40,
    0x8, 0x67, 0xe0, 0x1, 0x9f, 0xc0, 0x1b, 0xbf,
    0xcc, 0x31, 0xfe, 0xcc, 0x7b, 0x80, 0x61, 0x0,
    0x8f, 0xd2, 0x34, 0xf7, 0x8, 0x3, 0xb2, 0xf4,
    0xfe, 0x2a, 0xdf, 0x6, 0xa9, 0xfe, 0x60, 0xa,
    0x4c, 0x40, 0x3, 0xca, 0x38, 0x88, 0x88, 0x0,
    0x56, 0x50, 0x40, 0x3c, 0xaa, 0xf3, 0xc4, 0x27,
    0x70, 0x0, 0xd4, 0xe8, 0xc0, 0x7, 0xad, 0x5,
    0xf8, 0x3a, 0x4, 0x44, 0xb5, 0x21, 0x3, 0x88,
    0x39, 0x30, 0xfd, 0x1, 0x38, 0x36, 0x6f, 0x71,
    0xe3, 0xfd, 0xa2, 0x2, 0x1, 0x66, 0x83, 0x0,
    0x4f, 0x20, 0x16, 0x68, 0x6, 0x16, 0x66, 0x0,
    0x7e, 0x22, 0x0, 0x7f, 0xf3, 0x5b, 0xfd, 0xc0,
    0x3f, 0xf0, 0x80, 0x78, 0x48, 0xbf, 0xc0, 0x1f,
    0x26, 0xef, 0xf8, 0x40, 0x30,

    /* U+5C06 "将" */
    0x0, 0xff, 0xe4, 0x8f, 0xe0, 0x6, 0xaf, 0x70,
    0xf, 0xfe, 0x8, 0xda, 0x84, 0x7f, 0xd2, 0x0,
    0x87, 0x0, 0xcd, 0xe8, 0x86, 0x68, 0x0, 0x20,
    0x2b, 0xc, 0x0, 0x79, 0x36, 0xc9, 0x90, 0x0,
    0xe0, 0x7, 0xc2, 0x0, 0xf, 0x7a, 0x51, 0x38,
    0xc5, 0xa0, 0x11, 0x52, 0x80, 0x48, 0x10, 0xc,
    0x6b, 0xa2, 0x1, 0x96, 0xc0, 0x7, 0x3b, 0x80,
    0x79, 0xb2, 0x20, 0x1f, 0xcc, 0xf, 0x98, 0x3b,
    0x60, 0xf, 0x30, 0x2, 0xcd, 0x8e, 0x2e, 0xc6,
    0x15, 0x62, 0x0, 0x88, 0x0, 0x10, 0xd1, 0x38,
    0x0, 0x88, 0x30, 0xa7, 0x10, 0x6, 0x73, 0x67,
    0x74, 0x41, 0xbc, 0x42, 0xa5, 0xa0, 0x13, 0x33,
    0xc4, 0x70, 0x18, 0x80, 0xd6, 0x10, 0x4, 0xe6,
    0x67, 0x0, 0xfc, 0xa2, 0x1, 0xde, 0x12, 0x1,
    0xff, 0xc3, 0x36, 0xd0, 0xf, 0xfe, 0x24, 0x86,
    0x60, 0xc0, 0x40, 0x3f, 0xf8, 0x6, 0x70, 0xb8,
    0x7, 0x87, 0xf0, 0x3, 0xbf, 0xdd, 0x0, 0x10,

    /* U+5C0F "小" */
    0x0, 0xfd, 0xfe, 0x10, 0xf, 0xff, 0xa4, 0x40,
    0x80, 0x3c, 0x72, 0xc0, 0x1e, 0x77, 0x30, 0x7,
    0x99, 0x90, 0x20, 0x18, 0xc0, 0x8, 0x1, 0xe5,
    0x21, 0x60, 0xc, 0x80, 0x60, 0x1f, 0xa0, 0x24,
    0x3, 0x58, 0x58, 0x7, 0xe5, 0x11, 0x30, 0x0,
    0xcc, 0xc, 0x1, 0xfc, 0xc1, 0x40, 0x9, 0x4,
    0x10, 0xf, 0xea, 0x3, 0x24, 0x50, 0x80, 0xf,
    0xf1, 0x10, 0x15, 0x25, 0xcc, 0x3, 0xfe, 0x41,
    0x20, 0x68, 0x0, 0xff, 0xe0, 0x47, 0x28, 0x7,
    0xff, 0xc, 0x40, 0x3c, 0x7f, 0xf0, 0x0, 0x40,
    0x3f, 0xe3, 0x30, 0x9, 0xd8, 0x7, 0xe0,

    /* U+5C1A "尚" */
    0x1, 0x60, 0xd, 0xda, 0x1, 0xc, 0x18, 0x3,
    0x66, 0x0, 0x3f, 0x43, 0xc0, 0x3, 0x81, 0xd4,
    0x3, 0xc6, 0xc1, 0x40, 0x2, 0x80, 0xb0, 0xf,
    0x70, 0x50, 0x80, 0x4e, 0xec, 0x0, 0xf4, 0x4a,
    0x80, 0x5f, 0xe7, 0xdf, 0xf0, 0x97, 0xfa, 0xa7,
    0xfc, 0x1, 0x8c, 0xff, 0xc0, 0x1e, 0xcc, 0xff,
    0x8, 0x7, 0x87, 0xff, 0xc2, 0x1, 0xfe, 0x15,
    0x50, 0x81, 0x80, 0x7f, 0x92, 0xa8, 0x80, 0x1f,
    0xfd, 0x5, 0xff, 0x28, 0x7, 0xff, 0x0, 0x99,
    0xb1, 0x80, 0x7f, 0x25, 0x4c, 0xe1, 0x0, 0xfc,
    0x36, 0xe0, 0x13, 0x77, 0x4, 0x40, 0x1f, 0xf2,
    0x8, 0x1d, 0x0,

    /* U+5C3E "尾" */
    0x0, 0x77, 0xff, 0xff, 0x4, 0x40, 0x39, 0x57,
    0xfc, 0x1, 0xfa, 0xea, 0xbf, 0x88, 0x3, 0xeb,
    0x99, 0xfe, 0x20, 0xf, 0x95, 0x9b, 0xf8, 0x3,
    0xf6, 0xff, 0xfb, 0xaf, 0xbf, 0xc2, 0x1, 0xc6,
    0x1, 0x23, 0xdf, 0x5e, 0x80, 0x7f, 0x56, 0xfd,
    0xc2, 0x22, 0x38, 0x3, 0xc2, 0x2, 0x26, 0x77,
    0x2, 0x5b, 0x8a, 0x90, 0x7, 0x8, 0x5c, 0xe8,
    0x1, 0x3b, 0xf2, 0x94, 0x2, 0x10, 0x33, 0x7e,
    0xd3, 0x80, 0x15, 0xe7, 0x18, 0x2, 0x20, 0x62,
    0x68, 0xba, 0x4, 0xac, 0xb, 0xa7, 0x0, 0x28,
    0x10, 0x51, 0x67, 0x2, 0x75, 0xcb, 0xaf, 0x0,
    0x3c, 0x3e, 0xb2, 0x9d, 0x0, 0x5e, 0xb3, 0xf2,
    0x40, 0x8, 0x9, 0xf3, 0x7d, 0xa0, 0x50, 0xa6,
    0x13, 0xc0, 0x64, 0x24, 0x8c, 0x82, 0x60, 0x77,
    0x79, 0x0, 0x22, 0x60, 0xe, 0x17, 0x14, 0x4c,
    0x36, 0x7, 0xb0, 0x1, 0xe8, 0xef, 0xfd, 0xca,
    0x0,

    /* U+5DE5 "工" */
    0x0, 0x8, 0xff, 0xf0, 0x80, 0x23, 0xee, 0xff,
    0xe1, 0x18, 0x0, 0x47, 0xe0, 0x0, 0x8f, 0x80,
    0x22, 0xee, 0xec, 0x0, 0x77, 0x78, 0xc0, 0x3f,
    0xff, 0xe0, 0x1f, 0xff, 0xa2, 0xcc, 0xf7, 0x80,
    0x33, 0x3e, 0x20, 0x33, 0xf1, 0x0, 0xc, 0xfe,
    0x12, 0xdd, 0xff, 0xe2, 0x18,

    /* U+5DE6 "左" */
    0x0, 0xff, 0xe6, 0x5f, 0xa8, 0x7, 0xff, 0xd,
    0x81, 0xc0, 0x3f, 0xf8, 0x42, 0x40, 0x60, 0x1f,
    0xee, 0xff, 0xb8, 0x1, 0xdf, 0xff, 0x70, 0x0,
    0x8b, 0x8, 0x9, 0x17, 0xe5, 0x0, 0x66, 0xec,
    0x41, 0x5b, 0xbf, 0xac, 0x3, 0x84, 0xc1, 0x0,
    0x3f, 0xf8, 0x4e, 0x8, 0x23, 0xfc, 0x1, 0xea,
    0x4, 0xee, 0xfe, 0x80, 0xc, 0x66, 0x17, 0x33,
    0x80, 0x6, 0x7b, 0x80, 0x34, 0x4, 0xc6, 0x64,
    0x0, 0xcc, 0xcc, 0x1, 0x2a, 0xb, 0x80, 0x7f,
    0xf0, 0x46, 0xc2, 0xc0, 0x3f, 0xf8, 0x23, 0x82,
    0xaa, 0x0, 0xff, 0xe0, 0xa1, 0x12, 0xa7, 0xff,
    0x80, 0x1f, 0xfc, 0x6b, 0x38, 0x6, 0x1, 0xff,
    0xc2, 0x61, 0x0, 0xff, 0xe1, 0x80,

    /* U+5DF2 "已" */
    0x9f, 0xff, 0xfe, 0x8, 0x4, 0x23, 0xff, 0xc0,
    0x0, 0xe8, 0xee, 0xff, 0x80, 0x3f, 0xf9, 0x71,
    0x44, 0x1, 0xff, 0xc2, 0x45, 0x10, 0xf, 0xfe,
    0x23, 0x80, 0x7c, 0x20, 0x1f, 0xaf, 0xff, 0xee,
    0x0, 0xfc, 0x24, 0x5f, 0x80, 0x3f, 0x6e, 0xff,
    0x22, 0x0, 0x3f, 0xf8, 0x77, 0x60, 0xf, 0xfe,
    0x2c, 0xc0, 0x80, 0x7f, 0xf0, 0x91, 0xc8, 0x1c,
    0x18, 0x3, 0xf9, 0x8, 0xc, 0xc, 0x2b, 0xbb,
    0xfa, 0xc1, 0x40, 0x10, 0xc2, 0x3f, 0xf3, 0x50,
    0x5, 0x3d, 0xff, 0xfd, 0xd2, 0x0,

    /* U+5E74 "年" */
    0x0, 0xff, 0xe5, 0x37, 0x38, 0x7, 0xff, 0xe,
    0xc4, 0x80, 0x3f, 0xf8, 0x4c, 0x41, 0x5f, 0xff,
    0xcc, 0x1, 0xc, 0x0, 0x8e, 0x0, 0x8, 0xf1,
    0x80, 0x54, 0x2b, 0xdd, 0x84, 0x3f, 0xbb, 0x28,
    0x2, 0x90, 0x6c, 0x3, 0xff, 0x85, 0x25, 0x7d,
    0xff, 0x84, 0x3b, 0xff, 0x0, 0x47, 0xae, 0x0,
    0x33, 0x80, 0x4, 0x67, 0x80, 0x3e, 0x3c, 0xc8,
    0x43, 0x33, 0x80, 0x3f, 0xfb, 0x7f, 0xed, 0x3,
    0xff, 0x84, 0x3b, 0xff, 0x94, 0x8, 0xbf, 0x0,
    0x8, 0xbc, 0x21, 0xbb, 0xf8, 0x43, 0x37, 0x79,
    0x0, 0x3f, 0xfd, 0x40,

    /* U+5E76 "并" */
    0x0, 0xc2, 0xa0, 0x1e, 0x63, 0x0, 0xfd, 0xf4,
    0x80, 0x18, 0xa7, 0x10, 0x3, 0xe8, 0xa, 0x0,
    0xd4, 0x6, 0x80, 0x1f, 0x30, 0x81, 0x80, 0x4c,
    0x1e, 0x1, 0xcd, 0xbb, 0x9, 0xf6, 0xeb, 0x84,
    0x3b, 0x74, 0xe0, 0xe, 0x22, 0x80, 0x8b, 0x8,
    0x0, 0x8a, 0xe0, 0x4, 0x7f, 0xb4, 0x7, 0xff,
    0x8, 0x6f, 0xfa, 0x40, 0x38, 0xc0, 0x3f, 0x18,
    0x7, 0xff, 0x2c, 0x8a, 0x50, 0x12, 0x2c, 0x20,
    0xa4, 0x50, 0x16, 0xed, 0x60, 0xd, 0xdc, 0x0,
    0xbd, 0xd8, 0x4d, 0x12, 0x30, 0x14, 0x4c, 0x0,
    0x44, 0xc0, 0x37, 0x72, 0x2, 0x5d, 0xe1, 0xa,
    0xbb, 0x84, 0x3, 0x30, 0x78, 0x7, 0xff, 0xa,
    0x44, 0x4a, 0x1, 0xff, 0xc1, 0x86, 0x8, 0x0,
    0xff, 0xe0, 0xdb, 0x83, 0x30, 0x3, 0xff, 0x83,
    0x3, 0x32, 0x0, 0xff, 0xe1, 0x1f, 0x30, 0x7,
    0xdd, 0xe2, 0x1, 0x80,

    /* U+5E8F "序" */
    0x0, 0xfe, 0x13, 0x0, 0xff, 0xe1, 0x9f, 0x68,
    0x7, 0xf2, 0xb2, 0xae, 0x60, 0x18, 0x55, 0xe1,
    0x0, 0x54, 0xd5, 0x70, 0x1, 0xea, 0xb9, 0x40,
    0x34, 0x47, 0xff, 0x5, 0x40, 0x33, 0x87, 0x77,
    0xdb, 0xee, 0xe1, 0x0, 0xea, 0x66, 0xf9, 0x5d,
    0xc0, 0x1f, 0x6f, 0xe5, 0xff, 0xb0, 0x41, 0x9c,
    0x3, 0xfb, 0xaf, 0x1f, 0x6, 0x64, 0x1, 0xe1,
    0x0, 0xb6, 0xa, 0x2, 0x58, 0x3, 0xe3, 0x36,
    0x65, 0x66, 0x0, 0x9c, 0xc6, 0xd0, 0x0, 0x40,
    0x5c, 0x47, 0x18, 0x0, 0x84, 0xc8, 0x40, 0x4,
    0xc, 0x9b, 0xbc, 0x7, 0xb8, 0x21, 0x20, 0x6,
    0x2, 0x0, 0xfe, 0xb1, 0x92, 0x0, 0x60, 0x68,
    0x7, 0xf5, 0xcb, 0x0, 0x4e, 0x8, 0x1, 0xfc,
    0x2c, 0x1, 0x20, 0x98, 0x80, 0x1a, 0xed, 0xe0,
    0xe0, 0x1e, 0x56, 0xa0, 0x9, 0x12, 0x33, 0x40,
    0x7, 0x86, 0x58, 0x2, 0x2f, 0xfb, 0xc, 0x3,
    0xc0,

    /* U+5E94 "应" */
    0x0, 0xfe, 0x31, 0x0, 0xff, 0xe1, 0xc6, 0x40,
    0x7, 0xf8, 0x40, 0x35, 0x83, 0x8, 0x7, 0xef,
    0xef, 0xfd, 0x80, 0xe, 0xff, 0xe1, 0x0, 0xc6,
    0x7f, 0xfc, 0x11, 0x0, 0xd9, 0x9d, 0xf9, 0x9b,
    0xf7, 0x0, 0x3c, 0x24, 0x11, 0x8a, 0x1, 0x7f,
    0x20, 0x7, 0x17, 0x48, 0x60, 0x78, 0x0, 0x4c,
    0x14, 0x3, 0x88, 0x88, 0x28, 0x8, 0x0, 0x40,
    0x31, 0x0, 0xf2, 0x83, 0x1, 0x89, 0x7, 0x4,
    0x80, 0x42, 0x2, 0x16, 0x16, 0x8, 0x8, 0x28,
    0x2a, 0x1, 0x18, 0x18, 0x18, 0x98, 0xe8, 0x73,
    0x3, 0x0, 0x66, 0x6, 0x0, 0x38, 0x2a, 0x74,
    0x48, 0x48, 0x6, 0x20, 0x30, 0x5, 0xf2, 0x8,
    0x9c, 0x5c, 0x40, 0x36, 0x6, 0x80, 0x8, 0x40,
    0x3, 0x3, 0x20, 0x1c, 0xa0, 0x3f, 0xfe, 0xe0,
    0x1e, 0xff, 0x90, 0xc0, 0xd8, 0x8b, 0xff, 0x82,
    0xe7, 0x90, 0x5b, 0xbf, 0xfc, 0x13,

    /* U+5EA6 "度" */
    0x0, 0xfc, 0x2a, 0x40, 0x1f, 0xfc, 0x37, 0xa8,
    0x0, 0xfe, 0xac, 0xce, 0xa0, 0x5c, 0xcf, 0x8,
    0x1, 0xc, 0xfc, 0x0, 0x33, 0xf8, 0x3, 0x7f,
    0xba, 0x6b, 0xfe, 0xa9, 0xef, 0xf1, 0x0, 0x7d,
    0x32, 0x0, 0xa2, 0x4c, 0x3, 0xe9, 0xfe, 0x3,
    0xff, 0x88, 0x37, 0xf0, 0x3, 0xb6, 0x1c, 0x6,
    0x22, 0x10, 0x78, 0x90, 0xe, 0x47, 0x80, 0x35,
    0x58, 0xc2, 0x5d, 0x40, 0x21, 0x0, 0xe2, 0xdd,
    0x88, 0x3, 0xf1, 0x0, 0x57, 0x7f, 0x8, 0x6,
    0x10, 0x16, 0xff, 0x5d, 0xfd, 0xec, 0x1, 0x28,
    0x31, 0x30, 0x82, 0xb3, 0x48, 0x0, 0x50, 0x8,
    0xc0, 0x92, 0x58, 0x1e, 0xa7, 0x14, 0x24, 0xc0,
    0x2d, 0xc, 0x0, 0x44, 0x96, 0x75, 0x5, 0x30,
    0x6, 0x50, 0x65, 0x7a, 0xb0, 0x0, 0x80, 0xcc,
    0x99, 0x5, 0x1, 0x4a, 0xe1, 0x41, 0xab, 0x1c,
    0xcc, 0xd3, 0x2, 0x9d, 0x1, 0xb9, 0xfb, 0x2a,
    0x71, 0x9f, 0x93, 0xa0,

    /* U+5F00 "开" */
    0x8, 0xff, 0xff, 0xe1, 0x38, 0x7, 0xff, 0x1b,
    0x8c, 0xe0, 0x1, 0x9e, 0x0, 0x11, 0x98, 0x81,
    0xb3, 0x20, 0x6, 0x66, 0x20, 0xfc, 0xc2, 0x80,
    0x7f, 0xf9, 0xc7, 0x33, 0x0, 0x33, 0x31, 0x7,
    0xe6, 0x46, 0x7c, 0x0, 0x33, 0xc0, 0x2, 0x33,
    0x8b, 0xfe, 0xc0, 0x2f, 0xfc, 0x41, 0x9f, 0xf0,
    0x6, 0x50, 0x60, 0xf, 0x8, 0x7, 0xda, 0x18,
    0x1, 0xff, 0xc1, 0x24, 0x5, 0x0, 0xff, 0xe0,
    0xf0, 0x21, 0x0, 0x7f, 0xc3, 0x66, 0x12, 0x1,
    0xff, 0xc0, 0xd4, 0xa, 0x20, 0xf, 0xfe, 0x7,
    0x15, 0xa8, 0x7, 0xff, 0x4, 0xb5, 0x0, 0x3e,
    0xdf, 0x20, 0x8,

    /* U+5F03 "弃" */
    0x0, 0xf8, 0x59, 0x0, 0x3f, 0xf8, 0x6b, 0x34,
    0x1, 0xfd, 0x55, 0xee, 0x1, 0xca, 0xaf, 0x0,
    0x15, 0x7e, 0x0, 0x1a, 0xaf, 0x80, 0x1f, 0xf9,
    0x40, 0x73, 0xf5, 0x11, 0xdf, 0xf0, 0x6, 0x1b,
    0x52, 0xc3, 0x2, 0x4, 0xd1, 0x0, 0xe4, 0xf4,
    0x4, 0xb9, 0xab, 0x70, 0x3c, 0x20, 0xc, 0x62,
    0x0, 0x66, 0x95, 0x8, 0x44, 0x58, 0x40, 0x12,
    0xc5, 0xe6, 0xeb, 0xbf, 0xdd, 0xd1, 0xa9, 0x80,
    0x44, 0xed, 0xb2, 0x42, 0x0, 0xdf, 0x2c, 0xb1,
    0x0, 0xf0, 0xb0, 0x7, 0xfc, 0x5f, 0xf6, 0x81,
    0x7f, 0xe2, 0xd, 0xff, 0x88, 0xd1, 0x22, 0x1,
    0x44, 0xc0, 0x3, 0x44, 0x80, 0x6e, 0xe4, 0x7,
    0xbb, 0xc4, 0x1d, 0x77, 0x10, 0x4, 0x8c, 0x14,
    0x1, 0xff, 0xc1, 0x7b, 0x5, 0x30, 0xf, 0xf8,
    0x7a, 0x1, 0x68, 0x3, 0xff, 0x80, 0x32, 0x75,
    0x40, 0xf, 0xfe, 0x13, 0xe2, 0x80, 0x7d, 0xbe,
    0x40, 0x18,

    /* U+5F53 "当" */
    0x0, 0x10, 0x4, 0x3f, 0xe1, 0x0, 0x94, 0x40,
    0x17, 0xaa, 0x1, 0xf8, 0xeb, 0x88, 0x3c, 0x2c,
    0x3, 0xf4, 0x82, 0x90, 0x22, 0x8c, 0x0, 0x78,
    0x94, 0x2c, 0x2, 0x90, 0x40, 0xf, 0x48, 0x40,
    0x80, 0x47, 0x98, 0x0, 0xf5, 0xd3, 0x80, 0x53,
    0xf9, 0xfe, 0xe0, 0x7, 0x7f, 0xab, 0xfc, 0x20,
    0x60, 0x1f, 0xfc, 0x3a, 0xff, 0xff, 0x80, 0x3f,
    0xf9, 0x3f, 0xff, 0xf0, 0x7, 0x11, 0x7f, 0xc0,
    0x1d, 0xbb, 0xff, 0x0, 0x7f, 0xf2, 0x3f, 0xff,
    0xf8, 0x0, 0x18, 0x47, 0xff, 0x80, 0x1, 0xbb,
    0xbf, 0xf8, 0x0, 0x10,

    /* U+5F84 "径" */
    0x0, 0xd4, 0xe2, 0x1, 0xff, 0xc2, 0x95, 0xa0,
    0xdf, 0xff, 0xb4, 0xc0, 0x2a, 0x61, 0xf1, 0x43,
    0x3e, 0x10, 0x21, 0x1, 0xc5, 0x1d, 0x20, 0x9c,
    0xcd, 0x2, 0x10, 0x40, 0x24, 0x4c, 0x7, 0x10,
    0xc, 0xb6, 0xa, 0xe0, 0x15, 0x61, 0x74, 0x38,
    0x5, 0x34, 0x5, 0x40, 0x19, 0x6, 0x89, 0x18,
    0x17, 0x58, 0x0, 0x5c, 0xc0, 0x1a, 0x14, 0x25,
    0xb2, 0x88, 0x99, 0xaa, 0x33, 0x84, 0x10, 0xe0,
    0x2, 0xb3, 0x18, 0xd3, 0x2a, 0xb2, 0x30, 0x57,
    0x0, 0xdd, 0x1e, 0xe0, 0x19, 0x32, 0xc9, 0x6,
    0x40, 0x23, 0xbe, 0xff, 0xf7, 0x18, 0xf, 0xb0,
    0x6, 0x54, 0x41, 0x80, 0x11, 0x22, 0x0, 0x8,
    0x7, 0x4d, 0xdb, 0x40, 0x6e, 0xe5, 0x0, 0xff,
    0xef, 0xc5, 0x56, 0x1, 0xaa, 0xca, 0x1, 0xe4,
    0x55, 0x90, 0x0, 0xab, 0x88, 0x3, 0xff, 0x8c,

    /* U+6062 "恢" */
    0x0, 0xff, 0xe4, 0x17, 0xd0, 0x4, 0x9e, 0xe0,
    0x1f, 0xfc, 0x31, 0x1, 0x0, 0xff, 0xe0, 0x13,
    0xdc, 0x5, 0x5d, 0xf8, 0x0, 0xf6, 0xb, 0xb8,
    0x84, 0x6, 0x89, 0xe1, 0xc, 0x40, 0x30, 0xdf,
    0x30, 0xef, 0xc9, 0xef, 0xf0, 0x83, 0x8, 0x31,
    0x60, 0x11, 0x4, 0x12, 0x4c, 0x3, 0x13, 0x0,
    0x17, 0x8, 0x5d, 0x99, 0xe0, 0x71, 0x0, 0x30,
    0xd0, 0x4, 0x32, 0x6, 0x56, 0x8, 0xa, 0x90,
    0x14, 0x28, 0x6, 0xc0, 0x43, 0xd2, 0x11, 0x16,
    0x80, 0xb8, 0x6, 0x15, 0x26, 0x4, 0x55, 0x38,
    0x28, 0x7, 0xcc, 0x14, 0x64, 0x22, 0xf, 0x22,
    0x0, 0x78, 0x64, 0x19, 0xf1, 0x41, 0x27, 0x0,
    0x3e, 0xb1, 0x71, 0x1, 0xa0, 0x4, 0x8, 0x7,
    0xd8, 0x30, 0x0, 0x92, 0x73, 0x73, 0x0, 0xf9,
    0xbc, 0x1, 0x2c, 0x33, 0xe1, 0xa6, 0x1, 0xf0,
    0x97, 0x30, 0xe0, 0x9c, 0xe, 0x10, 0x7, 0xc4,
    0xad, 0xe4, 0x0, 0x79, 0x72, 0x0, 0x17, 0xd0,
    0x5, 0x72, 0x20, 0x19, 0xa0, 0x0,

    /* U+6218 "战" */
    0x0, 0xff, 0x84, 0x3, 0xf7, 0xf0, 0x7, 0x67,
    0x1, 0x90, 0x7, 0xff, 0x1, 0xc0, 0x77, 0xc0,
    0x3f, 0xf8, 0x2, 0x0, 0xa2, 0x90, 0xe, 0x1f,
    0xf9, 0xc0, 0x23, 0x48, 0xa0, 0xf, 0x22, 0x44,
    0x6, 0x8, 0xbf, 0x22, 0x1, 0x86, 0xee, 0x3c,
    0x60, 0x9a, 0x75, 0x50, 0x7, 0xee, 0x22, 0x2,
    0xd5, 0x39, 0x8, 0xcc, 0x2, 0x66, 0x28, 0xe8,
    0xd, 0x59, 0xc0, 0x8c, 0xc0, 0x3, 0x32, 0x0,
    0x30, 0x71, 0x99, 0xc0, 0x26, 0x77, 0x80, 0x31,
    0x1, 0x40, 0x70, 0x5, 0x11, 0x84, 0x2, 0x10,
    0x44, 0x12, 0x0, 0x7f, 0xf0, 0xc, 0x1, 0x20,
    0x1f, 0xfc, 0x1, 0x20, 0x44, 0x5a, 0x0, 0x2a,
    0xee, 0x10, 0x1, 0x60, 0x81, 0x2, 0xe0, 0x1,
    0x13, 0x0, 0x1b, 0x48, 0x0, 0xca, 0x3a, 0x0,
    0xdf, 0xf8, 0x43, 0x0, 0x15, 0x21, 0x40, 0x80,
    0x3, 0x0, 0xea, 0x4c, 0x56, 0x60, 0x38, 0xd7,
    0x8, 0x5, 0xdc, 0xb, 0x30, 0x4, 0xfc, 0x0,

    /* U+6240 "所" */
    0x0, 0xff, 0xe5, 0x93, 0x53, 0x0, 0x63, 0x7d,
    0x80, 0x1, 0x5e, 0xfe, 0xca, 0xc9, 0x56, 0xfe,
    0x41, 0x30, 0x80, 0x10, 0x8d, 0x62, 0xfc, 0xd4,
    0x8d, 0x67, 0x38, 0x40, 0x24, 0xca, 0x74, 0x0,
    0x87, 0x29, 0x8c, 0x3, 0x96, 0xef, 0x38, 0x7,
    0xff, 0x0, 0x51, 0x36, 0x80, 0x4, 0xcf, 0x88,
    0x2, 0x4f, 0xf6, 0x0, 0x76, 0x67, 0x58, 0x7,
    0xff, 0x1, 0x94, 0x0, 0xd8, 0x1, 0x2d, 0xdb,
    0xc0, 0x30, 0xcd, 0x81, 0x4a, 0x80, 0x80, 0xa2,
    0xc, 0x0, 0x60, 0x60, 0x1f, 0xc9, 0xff, 0xa9,
    0x81, 0x80, 0x3e, 0x60, 0x20, 0xe, 0x20, 0x20,
    0xf, 0x8c, 0x38, 0x3, 0xb0, 0x30, 0x3, 0xef,
    0x2, 0x0, 0xc2, 0xa0, 0x80, 0x1f, 0x20, 0x38,
    0x6, 0xb0, 0x41, 0x0, 0xf1, 0x91, 0x40, 0x12,
    0x28, 0x40, 0x7, 0xc6, 0xd4, 0x1, 0x91, 0x10,
    0x60, 0x1f, 0xa5, 0xc0, 0x3a, 0xdc, 0x2, 0x1f,
    0xd0, 0x0,

    /* U+6253 "打" */
    0x0, 0xbb, 0xc4, 0x3, 0xff, 0x8f, 0x1b, 0xbf,
    0xc4, 0x1, 0xf1, 0x17, 0xf8, 0xf, 0x30, 0x21,
    0xb9, 0x3d, 0xd8, 0x1, 0x7d, 0xc2, 0x63, 0x30,
    0x0, 0xcc, 0x2, 0x3c, 0xc, 0x22, 0x5, 0xff,
    0x8, 0x6f, 0x98, 0x7, 0xff, 0xc, 0xc0, 0x3f,
    0xf8, 0xa6, 0xa4, 0x1, 0xff, 0xc0, 0x41, 0xd,
    0xa7, 0x0, 0xff, 0x2f, 0xd8, 0x4, 0xae, 0x1,
    0xfe, 0x70, 0x20, 0x7, 0x51, 0x0, 0x7f, 0x8b,
    0x74, 0x20, 0x1f, 0xfc, 0x32, 0x0, 0xff, 0xf1,
    0x8, 0x7, 0xab, 0x4, 0x4, 0x0, 0x3f, 0xf0,
    0x0, 0xc0, 0x31, 0x18, 0xc0, 0x4, 0x2a, 0x0,
    0x29, 0x10, 0xd, 0x1f, 0xce, 0x1, 0xab, 0xfd,
    0xac, 0x1, 0x80,

    /* U+627E "找" */
    0x0, 0xbb, 0xc0, 0x35, 0x71, 0x94, 0x80, 0x7f,
    0xf0, 0x44, 0x4f, 0x6d, 0x82, 0x1, 0xff, 0x8,
    0x2, 0x58, 0xe8, 0x0, 0x79, 0x81, 0xc, 0xb0,
    0x1, 0x80, 0x84, 0xb7, 0xa0, 0x39, 0x98, 0x0,
    0x68, 0xae, 0xa1, 0x7d, 0xed, 0x76, 0x4, 0xff,
    0x8, 0x7f, 0xa6, 0xc, 0x4, 0x63, 0x57, 0x0,
    0xfd, 0x32, 0x60, 0x5f, 0xef, 0xb8, 0x0, 0xf0,
    0xaa, 0x9a, 0x81, 0x80, 0x1f, 0xe1, 0x0, 0x90,
    0x43, 0xa8, 0x0, 0x40, 0x40, 0xa6, 0x42, 0xb,
    0xf6, 0x0, 0x15, 0x10, 0x11, 0x8e, 0xc3, 0xc0,
    0xe, 0x6, 0x0, 0xea, 0x10, 0x2, 0x86, 0x8b,
    0x18, 0x0, 0xbb, 0x4, 0x3, 0xd8, 0x2, 0x52,
    0x1, 0x84, 0x3, 0xf6, 0x80, 0x38, 0xe, 0xc4,
    0x3, 0xf1, 0x62, 0x80, 0x28, 0x15, 0x10, 0x1,
    0xf3, 0xe9, 0x94, 0x83, 0x5d, 0x81, 0xc2, 0xb0,
    0x44, 0x5, 0x40, 0xda, 0xce, 0x8, 0x46, 0x40,
    0x66, 0x2b, 0x2, 0xfc, 0x90, 0x4, 0x51, 0x9b,
    0xc0,

    /* U+62E9 "择" */
    0x0, 0xff, 0xe4, 0xf, 0xe0, 0x3, 0xff, 0xf7,
    0x20, 0x7, 0xe5, 0x10, 0x34, 0x41, 0x80, 0xb0,
    0x7, 0xea, 0xd0, 0x7b, 0xb0, 0x2, 0x8, 0xb,
    0x30, 0x7, 0x92, 0x6, 0xe9, 0x56, 0x68, 0xe0,
    0x1, 0x32, 0x0, 0x1a, 0x80, 0x21, 0x15, 0x11,
    0x60, 0x11, 0xff, 0x1, 0xfe, 0x0, 0xca, 0x0,
    0x11, 0xc0, 0x3f, 0x8e, 0xb9, 0x8b, 0x24, 0x23,
    0xe8, 0xc0, 0x30, 0xb5, 0xa9, 0xd6, 0xa0, 0x73,
    0x82, 0x88, 0x24, 0x1, 0x49, 0x6e, 0x28, 0xc4,
    0x6, 0x3f, 0x49, 0x2d, 0x80, 0x11, 0xa, 0xff,
    0x70, 0xf, 0xfc, 0x0, 0x55, 0x48, 0x1b, 0x96,
    0xa2, 0x40, 0x4, 0x48, 0xc0, 0x69, 0xc0, 0x32,
    0xdd, 0xa8, 0x6, 0xee, 0x10, 0xf, 0x9b, 0xfe,
    0xe0, 0x1f, 0xfc, 0xa0, 0x1e, 0x23, 0x3c, 0x0,
    0x33, 0xc2, 0x1, 0xe4, 0xcc, 0xb4, 0x7, 0x33,
    0x20, 0x56, 0x3, 0x80, 0x7f, 0xf0, 0x88, 0xaf,
    0x0, 0xff, 0xe1, 0x47, 0xea, 0x0, 0x70, 0xff,
    0x0, 0x70,

    /* U+6307 "指" */
    0x0, 0xff, 0xe4, 0xff, 0x0, 0x7, 0xf4, 0x3,
    0x10, 0x7, 0xff, 0x8, 0x9f, 0x75, 0x0, 0x1f,
    0xf1, 0x76, 0xc1, 0xb6, 0x0, 0xf, 0x74, 0x3,
    0xb6, 0x1, 0x24, 0xef, 0x48, 0x98, 0x39, 0x98,
    0x0, 0x60, 0x11, 0x53, 0x10, 0x3, 0xb0, 0x53,
    0xb8, 0x3, 0xd6, 0x20, 0x57, 0x55, 0x5a, 0x8,
    0x80, 0x3f, 0x40, 0x22, 0xac, 0x83, 0x60, 0x1e,
    0x59, 0x7, 0xff, 0xf7, 0x28, 0x1, 0x20, 0x6,
    0x98, 0x66, 0x7f, 0x18, 0x3d, 0xb8, 0x1, 0x64,
    0xd9, 0xbf, 0x81, 0x9, 0xc0, 0x69, 0x8c, 0x13,
    0xff, 0x28, 0x4, 0x7b, 0x0, 0x1e, 0x59, 0x9c,
    0xe0, 0x1f, 0xfc, 0x1, 0x66, 0xc4, 0x1, 0xff,
    0xc0, 0x4f, 0xfc, 0xa0, 0x1f, 0xfc, 0x4, 0xff,
    0xca, 0x1, 0xa6, 0xc0, 0xc0, 0x30, 0xb3, 0x62,
    0x0, 0xe4, 0x1b, 0x0, 0xcb, 0x33, 0x9c, 0x3,
    0x4f, 0xf3, 0x0, 0x7, 0xac, 0x3, 0x57, 0xa8,
    0x0,

    /* U+63A5 "接" */
    0x0, 0x17, 0xc8, 0x7, 0x3e, 0x98, 0x7, 0xff,
    0x2, 0x66, 0xc2, 0xe9, 0x99, 0xc0, 0x3e, 0x16,
    0x69, 0x0, 0x99, 0xaa, 0x1, 0xdf, 0x7, 0xd3,
    0xf7, 0x1d, 0xff, 0x29, 0xee, 0x80, 0x23, 0x1,
    0x0, 0xb0, 0x6c, 0x9, 0x5c, 0x80, 0x3, 0xb8,
    0xd, 0xa9, 0x3a, 0x5, 0x3e, 0x0, 0x99, 0x10,
    0x7, 0xb1, 0x98, 0x8, 0xc4, 0x8, 0xcc, 0x10,
    0xc, 0x4f, 0x5f, 0xee, 0x14, 0xff, 0xe3, 0x4,
    0x80, 0x48, 0x10, 0x3, 0x89, 0x0, 0x79, 0x2d,
    0x40, 0x5f, 0xbf, 0xd2, 0xd, 0xff, 0xce, 0x86,
    0xc0, 0xf0, 0xec, 0x40, 0x6c, 0xc2, 0x4, 0x63,
    0xc, 0xb0, 0xa, 0x20, 0x63, 0xb3, 0x20, 0x5,
    0x4a, 0x0, 0x7d, 0x42, 0x2b, 0x35, 0x25, 0x10,
    0xf, 0xea, 0x93, 0x5c, 0xa0, 0x80, 0xf, 0xf0,
    0xb7, 0x90, 0x5, 0xe8, 0x1, 0x4f, 0x80, 0x84,
    0x67, 0xe1, 0x2d, 0xa1, 0x5d, 0x0, 0x4, 0x8e,
    0x80, 0x49, 0x67, 0xa9, 0x2e, 0xc5, 0xe0, 0x8,
    0xfc, 0x20, 0x9e, 0xa6, 0x10, 0x9, 0x35, 0x40,

    /* U+63A7 "控" */
    0x0, 0xff, 0xe4, 0x17, 0xd0, 0x7, 0x1e, 0xc8,
    0x7, 0xff, 0x0, 0x46, 0x22, 0x31, 0x8, 0xc0,
    0x1f, 0xf, 0x76, 0x0, 0x6f, 0x75, 0x43, 0xfa,
    0xb, 0xe8, 0x4, 0xef, 0xe6, 0x0, 0x9, 0x10,
    0x0, 0x42, 0xd, 0x3f, 0x31, 0xf3, 0x40, 0x16,
    0xf8, 0x2e, 0xa7, 0x4e, 0xc2, 0x1c, 0x78, 0x7d,
    0x0, 0x7c, 0x7e, 0x6e, 0xa7, 0x43, 0x88, 0x1,
    0xfb, 0x89, 0xe0, 0x0, 0xb6, 0x16, 0x20, 0x19,
    0x3d, 0x65, 0xe0, 0x3, 0x25, 0xd8, 0x4a, 0xf4,
    0x4, 0x40, 0x4f, 0xff, 0xeb, 0x10, 0x34, 0x0,
    0x27, 0x29, 0xaa, 0xc0, 0x5, 0x59, 0x80, 0x73,
    0x40, 0x40, 0x9, 0x55, 0x0, 0xd5, 0x46, 0x0,
    0x30, 0xf, 0xfe, 0xe5, 0xee, 0xe0, 0x1d, 0xdd,
    0x1, 0x5e, 0x6, 0x1, 0xe2, 0x20, 0x7, 0x8c,
    0x8e, 0xc2, 0xf7, 0x7f, 0xd0,

    /* U+63D0 "提" */
    0x0, 0x17, 0xd0, 0x2, 0xbf, 0xff, 0x10, 0x7,
    0xfa, 0x26, 0x71, 0x80, 0x7f, 0xf0, 0x9, 0x57,
    0x0, 0x61, 0xce, 0x4, 0xc6, 0x0, 0x56, 0x66,
    0x30, 0x8, 0xce, 0x1, 0x3e, 0x0, 0x6f, 0xfe,
    0x40, 0x8, 0xbf, 0x41, 0x7e, 0x0, 0x1b, 0xff,
    0x90, 0x3, 0xfd, 0xd1, 0x1f, 0x8c, 0x3, 0x85,
    0x55, 0xbd, 0xdf, 0xa0, 0x81, 0x2c, 0x12, 0xa5,
    0x9b, 0xfc, 0xe7, 0x6c, 0x3, 0x1d, 0xb3, 0xde,
    0x5, 0xff, 0x94, 0xde, 0x41, 0x1c, 0x96, 0x54,
    0x0, 0x6e, 0xf0, 0x80, 0x21, 0x0, 0x37, 0x3,
    0x0, 0x6, 0x22, 0x30, 0xf, 0xc8, 0x8, 0x0,
    0x2f, 0xf8, 0x80, 0x3e, 0x22, 0x4, 0x0, 0x7f,
    0xf0, 0xac, 0x20, 0x70, 0x3, 0xf4, 0xf0, 0x1a,
    0x31, 0x3c, 0x98, 0x15, 0xd5, 0x4e, 0x0, 0x32,
    0xa0, 0x1e, 0x6, 0xc5, 0x14, 0x55, 0x84, 0x27,
    0xf4, 0xd3, 0x8c, 0x0, 0x75, 0xdf, 0xf9, 0x80,

    /* U+64CD "操" */
    0x0, 0x57, 0x90, 0x5, 0xdf, 0xfd, 0xc0, 0x1f,
    0xfc, 0x3, 0xaa, 0x8c, 0x3, 0x84, 0x40, 0xc2,
    0x1, 0x33, 0xbe, 0x0, 0xd1, 0xc8, 0x17, 0x40,
    0x12, 0xee, 0xc8, 0x1, 0xb8, 0xc0, 0x4, 0x60,
    0xa, 0xaf, 0x80, 0x26, 0xc5, 0xf, 0x87, 0xfb,
    0xaa, 0x2d, 0x52, 0xfe, 0x80, 0x3e, 0xf0, 0x94,
    0x0, 0x96, 0x40, 0x3e, 0x55, 0x0, 0xb1, 0x80,
    0x5a, 0xc2, 0x0, 0x16, 0x70, 0x89, 0x1, 0xe7,
    0x0, 0xa3, 0x84, 0x1, 0x12, 0x40, 0xdf, 0x71,
    0x30, 0x92, 0x91, 0x31, 0xc1, 0xae, 0x61, 0x66,
    0xbf, 0xf3, 0xb3, 0xff, 0xd8, 0x9, 0xc, 0x1,
    0x53, 0xbc, 0x60, 0x6e, 0xf8, 0x3, 0xec, 0xfe,
    0x40, 0x9, 0x7f, 0xe0, 0xf, 0xc3, 0xa8, 0x1,
    0x2c, 0x80, 0x7f, 0x37, 0x9a, 0x38, 0x3a, 0x36,
    0x10, 0x2, 0x90, 0x1, 0xb2, 0x2f, 0x60, 0x15,
    0xa9, 0xe0, 0x80, 0x89, 0x8b, 0x97, 0x60, 0x3,
    0xaa, 0x74, 0x40,

    /* U+6539 "改" */
    0x0, 0xff, 0x8, 0x80, 0x3f, 0x8, 0xf8, 0x1,
    0x3c, 0xc0, 0x1e, 0xbe, 0xee, 0xf0, 0x1, 0x82,
    0x80, 0x78, 0xc8, 0xb0, 0x6, 0x41, 0x30, 0xf,
    0x46, 0xee, 0x0, 0x94, 0x7, 0xff, 0x8c, 0x3,
    0xfb, 0xc0, 0x8c, 0xc0, 0x2, 0x0, 0xfe, 0x25,
    0x8, 0xcc, 0x18, 0x71, 0x83, 0xff, 0xbb, 0x80,
    0x8, 0x0, 0x60, 0x0, 0xc0, 0xc0, 0x38, 0x44,
    0x2, 0xa2, 0x8, 0x6, 0x6, 0x1, 0xd1, 0xff,
    0xa2, 0xa, 0x47, 0x61, 0x60, 0x1f, 0xe7, 0x6e,
    0x9, 0x60, 0x50, 0xf, 0xfe, 0x2, 0xa, 0x8a,
    0x10, 0x7, 0xe2, 0x70, 0xa, 0x40, 0x10, 0x1,
    0xee, 0x7c, 0xd8, 0x0, 0xd, 0x0, 0x2c, 0x3,
    0x60, 0x34, 0x19, 0xa4, 0xb, 0x8, 0x80, 0xf0,
    0x1, 0x30, 0x1, 0xb3, 0xf, 0x1a, 0x44, 0xca,
    0x7, 0xc2, 0xa, 0x9f, 0x93, 0x1, 0x50, 0x5d,
    0x15, 0xb1, 0x23, 0x7, 0x60, 0xe, 0xeb, 0xa0,
    0x9, 0x3f, 0x4,

    /* U+653E "放" */
    0x0, 0xc2, 0x20, 0xe, 0x30, 0xf, 0xf0, 0xf5,
    0x0, 0x61, 0xcf, 0x10, 0xf, 0xc2, 0x68, 0x20,
    0x12, 0x81, 0x8, 0x7, 0x9d, 0xf1, 0xb3, 0xb0,
    0x60, 0x38, 0x7, 0x86, 0x22, 0x43, 0x88, 0x48,
    0x28, 0x2f, 0xfe, 0xd0, 0x1a, 0x80, 0x3a, 0xac,
    0x64, 0x4, 0x41, 0x1, 0x60, 0x2, 0xa0, 0x32,
    0xae, 0x90, 0x6, 0xe9, 0x82, 0x2c, 0x3, 0x92,
    0xee, 0x55, 0x0, 0x8, 0xc, 0x14, 0x3, 0xc2,
    0x89, 0x58, 0x4, 0x80, 0x80, 0x60, 0x1e, 0x5f,
    0x40, 0x90, 0xb0, 0xd4, 0x4, 0x0, 0xf8, 0xc0,
    0x41, 0x79, 0xd, 0x3c, 0x34, 0x3, 0x98, 0x4,
    0x4, 0x0, 0x21, 0x60, 0x80, 0xe0, 0x1c, 0x41,
    0xc0, 0x11, 0x80, 0x18, 0x0, 0xc2, 0x1, 0xd8,
    0xa, 0xe, 0x2, 0x0, 0x50, 0x1, 0x0, 0x70,
    0xa0, 0x98, 0x8, 0x4, 0x76, 0x0, 0x48, 0x0,
    0xd2, 0xe, 0x0, 0x21, 0x7, 0xc0, 0x6b, 0x7,
    0x90, 0x1, 0xb8, 0x45, 0x60, 0x15, 0x40, 0x34,
    0xa4, 0x83, 0x58, 0x1b, 0x48, 0x99, 0x86, 0x24,
    0x6a, 0x40, 0xd, 0x87, 0x20, 0x9, 0x60, 0x9f,
    0xe4, 0x3e, 0x50, 0xc, 0x78, 0x40,

    /* U+6548 "效" */
    0x0, 0xc2, 0x20, 0xe, 0x20, 0xf, 0xe3, 0xeb,
    0x0, 0xee, 0xf0, 0xf, 0xc6, 0x65, 0x20, 0xc,
    0x66, 0x0, 0xe1, 0xbb, 0x84, 0x53, 0x76, 0x42,
    0x5, 0x0, 0xf2, 0x24, 0x42, 0x89, 0x12, 0x3,
    0x7f, 0xe1, 0x17, 0xd2, 0xef, 0x33, 0x3d, 0xb4,
    0xc, 0xc2, 0x6, 0x20, 0x8, 0x53, 0x13, 0x64,
    0x14, 0x3c, 0xc1, 0x6, 0x80, 0x18, 0x98, 0x42,
    0xc2, 0xa4, 0x3, 0x18, 0x88, 0x6, 0x6, 0x81,
    0x70, 0xc5, 0xc0, 0xc4, 0x81, 0x0, 0x4, 0x2b,
    0x91, 0xc5, 0x1a, 0x26, 0xe, 0xa1, 0x80, 0x3,
    0xea, 0x27, 0x42, 0x42, 0xcd, 0xb, 0xa0, 0x70,
    0x8, 0x45, 0xe2, 0x8, 0x0, 0x21, 0x52, 0x22,
    0x8, 0x7, 0x84, 0x18, 0xc0, 0x29, 0x0, 0x78,
    0x7, 0xb8, 0x10, 0x34, 0x40, 0x16, 0x0, 0xc0,
    0xc, 0x36, 0x6b, 0x6a, 0x2c, 0x10, 0xe2, 0x27,
    0x60, 0x1, 0x62, 0x1d, 0x5, 0xc2, 0xdb, 0x8e,
    0x50, 0x4c, 0x1, 0x32, 0x60, 0x0, 0x5f, 0xd0,
    0xfc, 0x92, 0x81, 0x44, 0x2e, 0xc0, 0x1d, 0x93,
    0x82, 0x0, 0x5c, 0xf1,

    /* U+6570 "数" */
    0x3, 0x80, 0xbf, 0x16, 0x70, 0x6, 0xc8, 0x7,
    0x99, 0xd4, 0x0, 0x71, 0x60, 0x44, 0x30, 0xf,
    0x29, 0x98, 0x0, 0xc5, 0xc0, 0xe1, 0xa0, 0x1c,
    0x7e, 0x72, 0x81, 0x67, 0xb1, 0x81, 0x3b, 0xb8,
    0x85, 0x98, 0x60, 0x13, 0x33, 0x50, 0x4, 0x8b,
    0x1, 0x4f, 0x98, 0x4, 0xf8, 0xc4, 0x1d, 0xe4,
    0x3e, 0x44, 0xb9, 0x33, 0x6, 0x1f, 0xc8, 0x1,
    0x40, 0x94, 0x0, 0x6a, 0xd8, 0xa6, 0x5b, 0xca,
    0x21, 0x86, 0x6, 0x0, 0x1f, 0x95, 0x69, 0x10,
    0x52, 0xa2, 0x5b, 0xc, 0x0, 0xbf, 0xd4, 0x15,
    0xfe, 0xcd, 0x45, 0x26, 0x4, 0x0, 0x98, 0x80,
    0xd9, 0x1, 0xc0, 0x16, 0x2, 0xa0, 0x1a, 0xc,
    0x3a, 0x44, 0x24, 0x0, 0x62, 0x1e, 0x1, 0x8d,
    0x43, 0x6d, 0x58, 0xc0, 0x10, 0x21, 0x0, 0x18,
    0xee, 0xc0, 0x81, 0xe0, 0x7, 0x71, 0x29, 0x58,
    0x4, 0x73, 0x60, 0xa5, 0x67, 0x70, 0x3f, 0x44,
    0x98, 0x44, 0xc6, 0x4c, 0xad, 0xca, 0x43, 0xf2,
    0xc, 0x32, 0x32, 0xbd, 0xb3, 0x0, 0xc, 0x4e,
    0x8, 0x0, 0x73, 0x2,

    /* U+6574 "整" */
    0x0, 0xff, 0x90, 0x40, 0x3d, 0xff, 0xf8, 0xc2,
    0xf0, 0x3, 0xd3, 0x31, 0x4, 0xcc, 0x4c, 0x5,
    0xff, 0x88, 0x11, 0x54, 0x20, 0xab, 0xc, 0x0,
    0x7e, 0xbc, 0xc1, 0x86, 0x63, 0x68, 0x42, 0xec,
    0x5, 0x84, 0x0, 0x1f, 0x40, 0xe4, 0x17, 0x20,
    0xd3, 0xb, 0x30, 0x8, 0x7d, 0x3, 0x90, 0x73,
    0xe, 0xd0, 0x4c, 0x1, 0x46, 0x98, 0x0, 0x93,
    0x4, 0x5a, 0x0, 0x60, 0xc, 0x98, 0x44, 0x9,
    0x68, 0x5c, 0xa1, 0x34, 0xe8, 0x11, 0x41, 0x63,
    0x82, 0x65, 0xe1, 0xb7, 0xe4, 0xb, 0x8, 0xbd,
    0x6c, 0xda, 0x62, 0x6, 0x81, 0x13, 0xcb, 0xa0,
    0x3, 0x66, 0xf9, 0x51, 0x9b, 0x29, 0x0, 0x7,
    0xf2, 0x33, 0xfc, 0x0, 0xcc, 0xdb, 0xe2, 0x1,
    0x92, 0x14, 0x3, 0x66, 0x69, 0x0, 0xff, 0xe0,
    0xdd, 0xe9, 0x0, 0x8a, 0xed, 0x41, 0x77, 0x0,
    0x3f, 0xf4, 0xdd, 0x88, 0x51, 0x4, 0x4, 0x88,
    0x0, 0x22, 0x7c, 0x20, 0x1f, 0xfc, 0x60,

    /* U+6587 "文" */
    0x0, 0xfe, 0x20, 0xf, 0xfe, 0x1a, 0x7e, 0x0,
    0x7f, 0xf0, 0xd0, 0x44, 0xe0, 0x1f, 0xfc, 0x37,
    0x1f, 0x0, 0xf8, 0xbf, 0xfe, 0x61, 0x7f, 0xff,
    0x20, 0x11, 0x4, 0x0, 0x45, 0xe0, 0x0, 0x91,
    0x1c, 0xb7, 0x5e, 0x3, 0xbb, 0xe1, 0xd, 0xd8,
    0xc0, 0x21, 0x51, 0x70, 0xc, 0xc2, 0x66, 0x0,
    0xfa, 0x2, 0x4, 0x2, 0x80, 0x90, 0xf, 0xc4,
    0xc1, 0x40, 0x9, 0x13, 0x50, 0xf, 0xe9, 0x14,
    0x85, 0x60, 0xe0, 0xf, 0xfb, 0x41, 0xe8, 0x24,
    0x80, 0x3f, 0xe3, 0x50, 0x1, 0x30, 0x7, 0xfc,
    0x34, 0xa0, 0x2, 0xd3, 0x0, 0xfc, 0x53, 0xca,
    0x35, 0x82, 0x59, 0x68, 0x1, 0xb, 0xe6, 0xb0,
    0x37, 0xa9, 0xfb, 0x2, 0x5e, 0xc1, 0x4, 0x98,
    0x36, 0xc8, 0x80, 0x6, 0x75, 0x80, 0x98, 0xc6,
    0xa7, 0xa4, 0x80, 0x3c, 0x53, 0xf5, 0xa2,

    /* U+65B0 "新" */
    0x0, 0xc6, 0x40, 0x1f, 0xfc, 0x32, 0xce, 0x0,
    0xf1, 0x35, 0xfa, 0x0, 0x22, 0x14, 0x7, 0x31,
    0x0, 0xbe, 0xd9, 0x43, 0x30, 0x1, 0xde, 0x0,
    0x33, 0xb8, 0x14, 0x5e, 0xbb, 0x1c, 0x1, 0xea,
    0x9f, 0xe5, 0x3e, 0x0, 0xc, 0x28, 0x80, 0x79,
    0x0, 0xa, 0x2, 0x1, 0xfe, 0x23, 0x14, 0x60,
    0x52, 0x0, 0xfe, 0x4d, 0x61, 0xb9, 0x6, 0xd5,
    0x1, 0xff, 0xe9, 0x59, 0x98, 0x82, 0x66, 0x70,
    0x1, 0x98, 0x0, 0x7e, 0x2c, 0xd0, 0x83, 0x34,
    0x40, 0x39, 0xa0, 0x78, 0xc5, 0xff, 0x18, 0x7f,
    0xc2, 0x1, 0xf8, 0xd9, 0xa1, 0x6, 0x68, 0x44,
    0x60, 0x1e, 0x19, 0x3d, 0x20, 0xa2, 0x90, 0x3,
    0x0, 0x7c, 0xaa, 0x10, 0x3, 0xa3, 0x98, 0x10,
    0x7, 0xd0, 0x2a, 0x0, 0x43, 0x94, 0xf, 0x0,
    0xf1, 0x1c, 0x0, 0x69, 0x95, 0x82, 0x0, 0x78,
    0xbd, 0xe4, 0x80, 0xa, 0x46, 0x44, 0x0, 0xf8,
    0x44, 0xe3, 0x0, 0x4, 0x68, 0x0, 0xf8,

    /* U+65E0 "无" */
    0x0, 0x6f, 0xff, 0xff, 0x5, 0x40, 0x23, 0x0,
    0xff, 0xe2, 0xf7, 0xfe, 0xc0, 0x3f, 0xff, 0x28,
    0x7, 0xf9, 0xc0, 0x3f, 0xf8, 0x6c, 0x2, 0x1,
    0xf8, 0xbb, 0xbd, 0x40, 0xbd, 0xdf, 0x18, 0x8,
    0xf8, 0x2, 0x11, 0xf8, 0xb, 0xff, 0xc6, 0x1,
    0x5f, 0xff, 0x18, 0x7, 0x84, 0xc0, 0xc0, 0x3f,
    0xf8, 0x4c, 0xa, 0x1, 0xff, 0xc2, 0x19, 0xe,
    0x0, 0xff, 0xe1, 0x50, 0x9a, 0x0, 0x79, 0x1c,
    0x40, 0x34, 0xa0, 0x70, 0x7, 0xc5, 0x8, 0x0,
    0x2b, 0x60, 0xb2, 0x7, 0x0, 0xef, 0x6, 0x19,
    0xd4, 0xb, 0x40, 0x1, 0x5, 0xf7, 0x4c, 0x6,
    0x24, 0x9, 0xa8, 0x1, 0x59, 0x80, 0x8e, 0x90,
    0x5, 0xe5, 0x90, 0x6, 0x2c, 0xff, 0xdc, 0xc0,

    /* U+65E5 "日" */
    0x0, 0xff, 0xe1, 0x17, 0xff, 0xff, 0x0, 0xc0,
    0x21, 0x1f, 0xc0, 0x1c, 0x3d, 0xdf, 0x88, 0x3,
    0xff, 0xc4, 0x3f, 0xff, 0x88, 0x3, 0x84, 0x7f,
    0x0, 0x70, 0xf7, 0x7e, 0x20, 0xf, 0xff, 0x10,
    0xf7, 0x7e, 0x20, 0xe, 0x11, 0xfc, 0x1, 0xc3,
    0xff, 0xf8, 0x80, 0x3f, 0xf8, 0x85, 0xfc, 0x1,
    0xfb, 0x7c, 0xc0,

    /* U+65F6 "时" */
    0x0, 0xff, 0xe0, 0x67, 0x98, 0x2, 0x72, 0xef,
    0x10, 0x7, 0xf9, 0xd, 0x54, 0x88, 0x10, 0xf,
    0xfe, 0x7, 0x71, 0x81, 0x3b, 0xb8, 0xc3, 0x78,
    0x40, 0x3d, 0xe2, 0x3c, 0x0, 0x11, 0x18, 0x7,
    0xaf, 0xff, 0x8c, 0x2f, 0xc8, 0x1, 0x76, 0x70,
    0x1, 0x38, 0x7, 0x38, 0x6, 0x44, 0x8, 0x2,
    0x62, 0x0, 0x1f, 0xdf, 0xe6, 0x0, 0x50, 0xb9,
    0x80, 0x7f, 0xf0, 0x46, 0xc3, 0x80, 0x3f, 0xf8,
    0x4a, 0x6c, 0x20, 0x1f, 0x5d, 0x90, 0x3, 0x65,
    0x88, 0x7, 0xc8, 0x82, 0x0, 0xff, 0xe1, 0x7f,
    0xe3, 0x0, 0xff, 0x5b, 0x80, 0x7f, 0xf0, 0xda,
    0x0, 0x3c, 0x3d, 0xd1, 0x81, 0x0, 0x7f, 0x84,
    0x84, 0x45, 0x2, 0x1, 0xff, 0x67, 0xfb, 0x5c,
    0x2,

    /* U+660E "明" */
    0xcf, 0xfe, 0x22, 0x7f, 0xfe, 0x0, 0x19, 0x84,
    0x3, 0x88, 0xb0, 0x6, 0xcc, 0x38, 0x6, 0x3d,
    0xdc, 0x1, 0xff, 0xcf, 0x15, 0x5c, 0x1, 0xae,
    0xce, 0x1, 0x8a, 0xab, 0x0, 0x64, 0x40, 0x80,
    0x61, 0x66, 0xc0, 0x1b, 0xfc, 0xa0, 0x19, 0x66,
    0x70, 0x7, 0x8c, 0x0, 0x20, 0x1f, 0xfc, 0x37,
    0x4, 0xee, 0xc0, 0x1b, 0xfc, 0xc0, 0x3, 0x1,
    0x33, 0xc0, 0x19, 0x13, 0x6, 0x5, 0x6e, 0xe0,
    0xd, 0x77, 0x8d, 0x1, 0x0, 0x3d, 0x14, 0x1,
    0xa0, 0x18, 0x3, 0xe4, 0x50, 0x9, 0x58, 0x20,
    0x3, 0xc2, 0x1, 0x96, 0x82, 0x44, 0x1, 0x3b,
    0xc0, 0x60, 0x19, 0xca, 0x18, 0x2, 0xc2, 0x13,
    0x90, 0xc, 0x5a, 0xe0, 0x19, 0x7f, 0xd8, 0x80,

    /* U+662F "是" */
    0x0, 0xf, 0xff, 0xff, 0x0, 0x40, 0x3c, 0x53,
    0x3f, 0x84, 0x3, 0xf1, 0x88, 0xfe, 0x0, 0xfe,
    0x19, 0x9f, 0xc2, 0x1, 0xf8, 0xfb, 0xbf, 0x10,
    0x7, 0xe3, 0xff, 0xfc, 0x40, 0x1e, 0x18, 0x8f,
    0xfe, 0x0, 0x80, 0x55, 0x79, 0x9f, 0xfc, 0xb,
    0xa0, 0x2, 0xa2, 0x7f, 0xf0, 0x94, 0x1, 0xff,
    0x5e, 0xff, 0x88, 0x37, 0xff, 0xc0, 0x19, 0x2e,
    0x40, 0x30, 0x80, 0x7f, 0xb4, 0xc, 0x3, 0x67,
    0xfe, 0xd0, 0xe, 0x70, 0x40, 0xc, 0x8a, 0xbc,
    0x1, 0xa0, 0x40, 0xdc, 0x2, 0x9a, 0xad, 0x0,
    0x12, 0xb8, 0x48, 0xc5, 0x18, 0x7, 0xf1, 0xd0,
    0x2b, 0x68, 0xa8, 0x86, 0x6e, 0xf8, 0xcc, 0xa7,
    0x40, 0x7d, 0x28, 0x42, 0x45, 0xc6, 0x60, 0xac,
    0x0, 0xcd, 0x7b, 0xff, 0xee, 0x0,

    /* U+663E "显" */
    0x0, 0xf, 0xff, 0xff, 0x0, 0x40, 0x3c, 0x2e,
    0xff, 0x80, 0x3f, 0x8e, 0x23, 0xf0, 0x80, 0x7e,
    0x37, 0x7f, 0xc2, 0x1, 0xf8, 0x62, 0x3f, 0x0,
    0x7f, 0x17, 0xff, 0xe1, 0x0, 0xfc, 0x73, 0x3f,
    0x84, 0x3, 0xc2, 0x2, 0xcd, 0xf8, 0x3, 0xf7,
    0xfd, 0x15, 0xfe, 0x99, 0x7f, 0xc2, 0x1, 0xa2,
    0x80, 0x11, 0x0, 0x4, 0x40, 0x1, 0x74, 0x1,
    0x85, 0x50, 0x3, 0xf2, 0x20, 0x3, 0xa0, 0x24,
    0x3, 0xe1, 0xa1, 0xb0, 0xc, 0x2c, 0x2, 0x1,
    0xe4, 0x1a, 0x10, 0xe, 0x8c, 0x10, 0xf, 0x2f,
    0x20, 0x4, 0xdf, 0xee, 0xe7, 0x81, 0x7f, 0x84,
    0x5f, 0xdf, 0xf3, 0x19, 0xff, 0xf1, 0x80,

    /* U+6696 "暖" */
    0x0, 0xfc, 0x24, 0x6a, 0xf3, 0x0, 0x1f, 0x2f,
    0xfb, 0xb7, 0x2a, 0x19, 0xcc, 0x27, 0x2e, 0xe4,
    0x75, 0x97, 0x29, 0xa4, 0x37, 0x5, 0x34, 0x48,
    0x41, 0x5f, 0x89, 0x15, 0x89, 0x40, 0x3, 0xe8,
    0x0, 0xb0, 0x75, 0x7, 0x42, 0x91, 0x0, 0xf0,
    0xb0, 0x7a, 0x91, 0x20, 0x8, 0xc0, 0x3c, 0x54,
    0xd, 0x25, 0x6, 0x15, 0x0, 0x1, 0xd4, 0x3,
    0xec, 0x4, 0xee, 0xea, 0x0, 0x84, 0x1, 0x7d,
    0x80, 0x9d, 0xde, 0x10, 0x1c, 0x40, 0xc6, 0x30,
    0x36, 0x6f, 0x8, 0x7, 0x3c, 0xa8, 0x30, 0x8e,
    0xc9, 0x0, 0xfc, 0x80, 0xae, 0xfa, 0x0, 0x21,
    0xa5, 0x0, 0x21, 0x1, 0x77, 0xc8, 0x50, 0x6,
    0x51, 0x0, 0x40, 0x31, 0x6a, 0x48, 0xb8, 0x4,
    0x3f, 0xf4, 0x1a, 0x4c, 0x1d, 0x86, 0x80, 0x53,
    0x0, 0x9, 0x71, 0x86, 0xa0, 0xb, 0x65, 0x5,
    0x58, 0x5, 0x7, 0x22, 0x49, 0xf5, 0xc1, 0xa8,
    0x3, 0xe, 0x79, 0x55, 0x3e, 0xa, 0x3a, 0xf4,
    0x40,

    /* U+66F4 "更" */
    0xe, 0xff, 0xff, 0xe1, 0x70, 0x7, 0xff, 0x23,
    0xf7, 0x7c, 0x21, 0x7b, 0xbd, 0xe0, 0x1, 0x2a,
    0xae, 0x10, 0xda, 0xae, 0x10, 0x8, 0x5d, 0xf8,
    0x0, 0xce, 0xfc, 0x1, 0xe4, 0xff, 0x84, 0x33,
    0xfe, 0x10, 0xf, 0x9a, 0x22, 0x10, 0xa8, 0x88,
    0x40, 0x3e, 0x27, 0x78, 0x0, 0xce, 0xf0, 0x7,
    0xe4, 0xff, 0x84, 0x37, 0xfe, 0x10, 0xf, 0x96,
    0x66, 0x10, 0x89, 0x98, 0x40, 0x3e, 0x16, 0x68,
    0x0, 0xac, 0xd0, 0x7, 0x86, 0xce, 0xfe, 0xc0,
    0xff, 0xfc, 0x1, 0xce, 0x76, 0x90, 0x14, 0x1,
    0xff, 0x1c, 0x85, 0x99, 0x30, 0x7, 0xfc, 0x5c,
    0x1, 0x15, 0x31, 0x88, 0x7, 0xab, 0xb5, 0xc1,
    0x9c, 0x56, 0x73, 0xbf, 0xdd, 0xc4, 0xc, 0x12,
    0x8e, 0x98, 0xec, 0x86, 0x42, 0x11, 0x2, 0x3,
    0x76, 0xb8, 0x80, 0x46, 0xf3, 0x7b, 0xdf, 0xc0,

    /* U+6700 "最" */
    0x0, 0xbf, 0xff, 0xf8, 0x0, 0x1f, 0xd, 0xdf,
    0xe0, 0xf, 0xf0, 0x8f, 0xe0, 0xf, 0xe1, 0xbb,
    0xfc, 0x1, 0xfc, 0x37, 0x7f, 0x80, 0x3f, 0x8,
    0xaa, 0xbf, 0x0, 0x80, 0x42, 0xee, 0x98, 0x8f,
    0xf4, 0xbb, 0x84, 0xa2, 0x3f, 0xf8, 0x8a, 0x7c,
    0xc1, 0x59, 0x60, 0x79, 0x77, 0xee, 0x40, 0x10,
    0x5, 0x65, 0x80, 0x22, 0xef, 0xda, 0x1, 0xd5,
    0x96, 0x0, 0x81, 0x2b, 0xb2, 0x85, 0x80, 0x75,
    0x65, 0x80, 0xd, 0x8, 0x15, 0x40, 0xc0, 0x1c,
    0xf3, 0x0, 0x15, 0x85, 0xe0, 0x40, 0x80, 0x8,
    0xc0, 0x7f, 0x0, 0xe8, 0x60, 0x8, 0x5c, 0x0,
    0x5a, 0xa0, 0xcc, 0x40, 0x1d, 0x88, 0x0, 0x7,
    0x5c, 0x4d, 0x1a, 0x2b, 0x74, 0x5, 0xce, 0xd,
    0x20, 0x50, 0x43, 0x72, 0xea, 0x46, 0x0, 0x84,
    0xc9, 0x6e, 0x77, 0x18,

    /* U+6708 "月" */
    0x0, 0x97, 0xff, 0xfe, 0x20, 0xf, 0x8, 0xfc,
    0x1, 0xf9, 0x7b, 0xbe, 0x10, 0xf, 0xfe, 0x58,
    0x80, 0x7f, 0xf0, 0xd3, 0xff, 0xe1, 0x0, 0xfc,
    0x67, 0xf0, 0x7, 0xe5, 0xcc, 0xf8, 0x40, 0x38,
    0xc0, 0xc0, 0x3f, 0xf8, 0x22, 0xf, 0xbb, 0xf0,
    0x80, 0x76, 0x80, 0x91, 0x7c, 0x1, 0xe4, 0xc,
    0xff, 0xf8, 0x40, 0x31, 0x88, 0x8c, 0x3, 0xff,
    0x81, 0x20, 0xc0, 0x1f, 0xfc, 0x4, 0x50, 0x90,
    0xf, 0xf8, 0x6c, 0x1c, 0x40, 0x33, 0x7f, 0x78,
    0x81, 0xc, 0x24, 0x0, 0x73, 0x0, 0x81, 0x48,
    0x1, 0xec, 0x3, 0xef, 0xfb, 0x58, 0x0,

    /* U+6709 "有" */
    0x0, 0xf0, 0x88, 0x3, 0xff, 0x89, 0x3c, 0xe0,
    0x1f, 0xfc, 0x35, 0x3, 0x0, 0xff, 0x7f, 0xf1,
    0x5, 0xff, 0xfe, 0x0, 0x19, 0xe0, 0x1, 0x19,
    0xff, 0x0, 0x33, 0x2f, 0x1, 0xdc, 0xcf, 0xe0,
    0xe, 0xe0, 0x3a, 0xaf, 0x5c, 0x80, 0x7a, 0x48,
    0x9, 0x57, 0xc8, 0xc0, 0x1c, 0xcc, 0x0, 0x5f,
    0xff, 0x80, 0x3c, 0xf2, 0x2, 0x1d, 0x33, 0xe0,
    0xe, 0x38, 0xa, 0x40, 0x56, 0x6f, 0x0, 0x71,
    0xd6, 0x28, 0x2, 0xff, 0xfc, 0x1, 0xe5, 0x30,
    0xb, 0xa6, 0x7c, 0x1, 0xff, 0x2b, 0x37, 0x80,
    0x3f, 0xeb, 0xff, 0xf0, 0x7, 0xff, 0x55, 0xf7,
    0x40, 0x20, 0x1f, 0xfc, 0x14, 0x22, 0xac, 0x2,

    /* U+671F "期" */
    0x0, 0x67, 0x80, 0x2f, 0xc4, 0x33, 0xff, 0xb4,
    0x3, 0xf1, 0x80, 0x46, 0x70, 0x0, 0xfc, 0xc3,
    0xfc, 0x81, 0xaa, 0x0, 0xdc, 0xc0, 0x0, 0x94,
    0x41, 0x54, 0x20, 0xac, 0x1, 0xf0, 0xd1, 0x5,
    0x51, 0x42, 0xcc, 0x0, 0x62, 0x20, 0xf, 0x77,
    0x10, 0x3, 0xb7, 0xb8, 0x1, 0xe7, 0x70, 0x80,
    0x72, 0xb3, 0x0, 0x3d, 0xdc, 0x30, 0xe, 0xa9,
    0x90, 0x7, 0xa2, 0x4, 0x1, 0xca, 0xb0, 0x7,
    0xbf, 0xc8, 0x1, 0x8, 0x55, 0x40, 0x4, 0xa2,
    0xa, 0xa2, 0x85, 0x91, 0x85, 0x54, 0x0, 0x25,
    0x10, 0x55, 0x8, 0x2b, 0x9, 0x2a, 0xc0, 0x6,
    0xec, 0x9d, 0xe6, 0xde, 0x60, 0x60, 0xf, 0xc,
    0xc9, 0x1d, 0xa0, 0x50, 0xc, 0x3, 0xca, 0xa2,
    0x66, 0x1a, 0xa6, 0x86, 0x0, 0x71, 0x50, 0x48,
    0x3, 0xc3, 0xd0, 0x10, 0xb7, 0x40, 0x24, 0xce,
    0x80, 0x3, 0xdb, 0x76, 0x2, 0x32, 0x24, 0x4,
    0xc0, 0x6, 0x20, 0x89, 0x0, 0x77, 0xea, 0x0,

    /* U+672A "未" */
    0x0, 0xfd, 0xfe, 0x0, 0xff, 0xe8, 0x3d, 0xdf,
    0x0, 0x2e, 0xfa, 0x0, 0x36, 0xa2, 0x70, 0x1,
    0x13, 0xc0, 0x1a, 0x33, 0x35, 0x80, 0x2f, 0x33,
    0x70, 0x6, 0x23, 0x3c, 0x80, 0x4, 0x33, 0xc4,
    0x1, 0xfc, 0x20, 0x1f, 0xf7, 0xff, 0xb8, 0x1,
    0xff, 0xf0, 0x80, 0x8f, 0x80, 0x30, 0x8f, 0xc1,
    0xdd, 0xd2, 0x1, 0xa3, 0xbb, 0x80, 0x3c, 0xb0,
    0x1, 0xa5, 0x40, 0x3f, 0x96, 0x82, 0x40, 0x14,
    0x14, 0xa0, 0x1f, 0x45, 0x4, 0x30, 0x1, 0x64,
    0x2a, 0x0, 0x31, 0xe3, 0x84, 0x38, 0x6, 0x69,
    0x7, 0xc3, 0x4, 0xc3, 0xb, 0x70, 0xf, 0x35,
    0x1, 0xe1, 0xa3, 0x27, 0x20, 0x7, 0xe5, 0xd3,
    0x73, 0x9, 0xb1, 0x0, 0xff, 0x16, 0x40, 0x0,

    /* U+672B "末" */
    0x0, 0xfd, 0xfe, 0x0, 0xff, 0xe7, 0x91, 0x9f,
    0x20, 0x0, 0xcf, 0xe0, 0x6, 0x67, 0xac, 0x1,
    0x99, 0xf0, 0x1, 0x13, 0xe0, 0x2, 0x27, 0xc0,
    0xa, 0xbb, 0xf0, 0x2, 0xef, 0xe0, 0xf, 0xfe,
    0x4f, 0x77, 0x80, 0x1d, 0xde, 0x10, 0x8, 0x47,
    0xc0, 0x1, 0x1f, 0x0, 0x6f, 0xfd, 0x20, 0x1a,
    0x3f, 0xf0, 0x80, 0x79, 0x64, 0x40, 0x3, 0xc,
    0x1, 0xfc, 0xb4, 0x14, 0x0, 0xd0, 0x97, 0x0,
    0xfa, 0x28, 0x25, 0x0, 0x7, 0x61, 0x14, 0x1,
    0x8f, 0x1c, 0x25, 0x80, 0x32, 0x58, 0x2f, 0x28,
    0x1e, 0x18, 0x53, 0x0, 0x79, 0x30, 0x45, 0x46,
    0x67, 0x3d, 0x50, 0xf, 0xc7, 0xe9, 0x6, 0x11,
    0x84, 0x1, 0xfe, 0x1b, 0x70,

    /* U+672C "本" */
    0x0, 0xfd, 0xfe, 0x0, 0xff, 0xf0, 0xe7, 0x77,
    0x80, 0x1d, 0xde, 0xd0, 0x1, 0x8, 0xf8, 0x0,
    0x23, 0xe2, 0x0, 0x7f, 0x75, 0x0, 0x80, 0x4,
    0x9, 0xee, 0xc0, 0x1, 0x1d, 0x41, 0xe0, 0xf,
    0xa, 0x11, 0xc0, 0x1c, 0xc4, 0x68, 0x0, 0x43,
    0x33, 0x0, 0x7c, 0x32, 0x1e, 0x1, 0xa0, 0x24,
    0x40, 0x3d, 0xa0, 0xc6, 0x1, 0x91, 0x1, 0xa0,
    0x1d, 0x46, 0x50, 0x1, 0xea, 0x13, 0xc0, 0x0,
    0xda, 0x80, 0x37, 0x30, 0x0, 0xcc, 0x69, 0x81,
    0xe9, 0x1a, 0x85, 0x91, 0x9c, 0x0, 0x33, 0xd4,
    0x2, 0x44, 0xdc, 0x4c, 0xca, 0xc0, 0x19, 0x96,
    0xad, 0xe8, 0x0, 0xcc, 0x6, 0x72, 0x0, 0xc,
    0xf0, 0x20, 0x80, 0x7f, 0xf6, 0x40,

    /* U+67E5 "查" */
    0x0, 0xfd, 0xfe, 0x0, 0xff, 0xe7, 0xff, 0xfc,
    0x0, 0xff, 0xf8, 0x0, 0xab, 0xc0, 0x1e, 0x55,
    0xe0, 0x5, 0x55, 0x6c, 0xa, 0x0, 0x60, 0x1b,
    0xaa, 0x80, 0x32, 0xf9, 0xa5, 0x0, 0x25, 0x93,
    0xd8, 0x3, 0x26, 0x50, 0xbd, 0x80, 0x69, 0x81,
    0x9d, 0x71, 0x2b, 0x31, 0x6d, 0x55, 0x4c, 0x95,
    0x44, 0xe4, 0x49, 0x2, 0xb9, 0xc6, 0xaa, 0xa6,
    0x55, 0x53, 0xf5, 0xd0, 0x82, 0x30, 0x0, 0xf3,
    0x3c, 0x40, 0x4, 0x40, 0x7, 0x8f, 0x33, 0xc4,
    0x1, 0xfe, 0x3f, 0xff, 0x10, 0x7, 0xf8, 0xf7,
    0x7c, 0x40, 0x1f, 0x8e, 0x65, 0x77, 0xe9, 0x91,
    0x0, 0x68, 0xba, 0xdd, 0xff, 0x55, 0xd0, 0x1,
    0x13, 0xff, 0x88, 0x0, 0xcf, 0xff, 0xfe, 0x17,
    0x0,

    /* U+6807 "标" */
    0x0, 0xb7, 0xc4, 0x3, 0xff, 0x91, 0xbf, 0xff,
    0x8, 0x7, 0xf3, 0x99, 0xfc, 0x20, 0x95, 0x42,
    0xb, 0xa2, 0xac, 0xcf, 0x80, 0x4, 0xaa, 0x0,
    0x2a, 0x98, 0x3, 0xfc, 0xdb, 0x20, 0xa, 0xd1,
    0xcc, 0xfe, 0x30, 0x2f, 0x0, 0x41, 0x9f, 0xfc,
    0xe0, 0x7, 0x0, 0x15, 0x37, 0xfc, 0x3, 0xff,
    0x90, 0x10, 0x40, 0xc, 0x8a, 0x1, 0xff, 0x78,
    0x90, 0x59, 0xae, 0x58, 0x4, 0x5d, 0x20, 0x4,
    0x43, 0x80, 0xf, 0x4, 0xc0, 0x31, 0x3, 0x8,
    0x68, 0x58, 0x6, 0x70, 0xd0, 0xc, 0xc0, 0xc1,
    0xa, 0x40, 0x1a, 0x81, 0xc0, 0x35, 0x85, 0x80,
    0xd0, 0x6, 0x33, 0x20, 0x80, 0x63, 0x3, 0x10,
    0xf, 0x28, 0x78, 0x7, 0x90, 0x10, 0x3, 0xcd,
    0xa9, 0xde, 0x6, 0x0, 0xfd, 0x50, 0xf, 0x88,
    0x10, 0xa, 0x0, 0x8, 0x40, 0x1b, 0x38, 0x40,
    0x2a, 0xfd, 0x50, 0xe,

    /* U+6821 "校" */
    0x0, 0xff, 0xe4, 0xef, 0x80, 0x74, 0x7a, 0x80,
    0x7f, 0xf0, 0xe8, 0x2c, 0x3, 0xff, 0x81, 0x37,
    0x69, 0x13, 0xbb, 0xc0, 0xc, 0xc1, 0x6, 0x4a,
    0x26, 0x12, 0x44, 0xc2, 0x6, 0x60, 0x1, 0xae,
    0xfa, 0x57, 0xf9, 0x5b, 0xfc, 0x21, 0xf6, 0x0,
    0xfc, 0x8, 0x4f, 0x1, 0x76, 0x80, 0xd, 0x80,
    0x6, 0x4, 0x71, 0xb0, 0x1c, 0x17, 0x50, 0x9,
    0x0, 0x10, 0x96, 0xc, 0x20, 0x4, 0x90, 0xb0,
    0x0, 0x98, 0x0, 0x74, 0xd1, 0xd8, 0x1, 0x50,
    0xf4, 0x0, 0x60, 0x20, 0x77, 0x65, 0x5, 0x83,
    0x2, 0xc2, 0x0, 0x25, 0x40, 0x15, 0x60, 0x2c,
    0x51, 0x61, 0x20, 0x13, 0x8f, 0x80, 0x9, 0x40,
    0x10, 0xe, 0x48, 0x60, 0x12, 0xa, 0x80, 0x78,
    0x54, 0x1, 0xc0, 0x18, 0xe8, 0x3, 0xe7, 0x50,
    0x5, 0x30, 0x6, 0x40, 0xe, 0x2b, 0x80, 0xa4,
    0x9, 0xc4, 0x0, 0xf9, 0x75, 0xb, 0x16, 0xe0,
    0xe, 0xc8, 0x3, 0xca, 0x71, 0xa6, 0x0, 0x7d,
    0x69, 0x20, 0xb, 0x7c, 0x1, 0x8e, 0x1, 0xc5,
    0x2c, 0x0,

    /* U+6848 "案" */
    0x0, 0xfc, 0x62, 0x1, 0xff, 0xc3, 0x5c, 0x80,
    0xf, 0xea, 0xff, 0xea, 0x6, 0xff, 0xf5, 0x80,
    0x65, 0x66, 0x85, 0x19, 0xb9, 0x40, 0x36, 0xa5,
    0xcc, 0xb4, 0x5e, 0x67, 0xad, 0xc, 0x1, 0x29,
    0xdf, 0xeb, 0x3, 0xff, 0xee, 0x47, 0x0, 0x33,
    0x4a, 0x2, 0xcd, 0x84, 0x11, 0x9a, 0x0, 0x44,
    0xc3, 0x82, 0x6c, 0x48, 0x88, 0xee, 0x66, 0x0,
    0xc8, 0xe4, 0xb7, 0xde, 0xe1, 0x0, 0x1e, 0x23,
    0xd, 0x42, 0x0, 0x8, 0x82, 0xfa, 0x94, 0x2,
    0xbc, 0xa8, 0x76, 0x76, 0xbe, 0xc7, 0x35, 0xb3,
    0x0, 0x5d, 0x67, 0x72, 0xe5, 0xac, 0xe, 0x37,
    0x30, 0x60, 0x5b, 0x59, 0xdf, 0xee, 0x1, 0xff,
    0xd9, 0xbe, 0x66, 0x77, 0xe1, 0x0, 0xc2, 0xef,
    0xc4, 0x31, 0x15, 0xa0, 0x98, 0x0, 0xc5, 0x32,
    0x22, 0x10, 0x26, 0xcc, 0x1b, 0x60, 0xe, 0x39,
    0xde, 0xc1, 0x81, 0xec, 0x9a, 0x64, 0x80, 0x68,
    0xd4, 0x27, 0xc4, 0x38, 0x7d, 0xb3, 0x0, 0xf1,
    0x5e, 0xbc, 0x20,

    /* U+6863 "档" */
    0x0, 0xb7, 0xc0, 0x3d, 0xd6, 0x1, 0xff, 0xc0,
    0x8a, 0x1, 0x13, 0x80, 0x32, 0x80, 0x3f, 0xa,
    0x98, 0x6, 0x43, 0x10, 0x17, 0x71, 0x83, 0xbb,
    0x42, 0x40, 0x37, 0x7, 0x81, 0x44, 0x4, 0x22,
    0xa, 0x6a, 0x1, 0x12, 0x9a, 0x1, 0xe5, 0x0,
    0x33, 0x3, 0xfc, 0x1, 0x1c, 0xf8, 0x4, 0x66,
    0x0, 0x51, 0xdf, 0xee, 0x80, 0xf6, 0xbe, 0x80,
    0x2d, 0x0, 0x32, 0x20, 0xce, 0x0, 0x19, 0xc8,
    0x0, 0x14, 0x0, 0x1d, 0x6f, 0x77, 0xc0, 0x19,
    0x80, 0x43, 0xc4, 0xc4, 0x7e, 0x0, 0xd2, 0x86,
    0x7, 0x97, 0xff, 0xf0, 0x4, 0xe3, 0xc0, 0x11,
    0x91, 0x9f, 0xc0, 0x12, 0x92, 0x80, 0x68, 0xcc,
    0xf8, 0x2, 0x2f, 0x0, 0xe2, 0x2f, 0xc0, 0x18,
    0x80, 0x31, 0x6e, 0xfe, 0x0, 0xfe, 0x34, 0x4f,
    0xc0, 0x1f, 0xc3, 0x77, 0xf8, 0x2,

    /* U+68C0 "检" */
    0x0, 0xff, 0xe4, 0xf, 0xd8, 0x7, 0x2f, 0xb0,
    0x7, 0xff, 0x8, 0x6c, 0x28, 0x3, 0xff, 0x82,
    0x38, 0x26, 0x6c, 0x10, 0x8, 0xf7, 0x1, 0x34,
    0xc7, 0x49, 0xf1, 0x8f, 0xc, 0x2, 0x33, 0x0,
    0xd, 0x70, 0xd6, 0x2, 0x5c, 0xb2, 0x0, 0xfa,
    0xc0, 0xea, 0x48, 0x6, 0xee, 0x32, 0x7, 0x50,
    0x6, 0x1, 0x91, 0x21, 0x91, 0x39, 0xf5, 0x54,
    0x0, 0x70, 0x4, 0x7b, 0xcf, 0xff, 0x51, 0x50,
    0x1, 0x4, 0xc, 0x69, 0x58, 0x17, 0x88, 0xf,
    0x54, 0x1, 0x2, 0xf, 0x32, 0xf8, 0x6, 0x17,
    0xa, 0x27, 0x4, 0x36, 0x0, 0x30, 0xe0, 0x99,
    0x83, 0x1, 0x90, 0x81, 0x82, 0x80, 0x32, 0x2,
    0x1, 0x11, 0x43, 0xc0, 0x5, 0x66, 0x1, 0x88,
    0x82, 0x13, 0x12, 0x48, 0x1, 0x20, 0x7, 0xb5,
    0x81, 0x1c, 0xe0, 0x3, 0xfb, 0x3f, 0xfa, 0xc2,
    0xbf, 0x80, 0x3e, 0x53, 0x3f, 0xe5, 0x0, 0xfa,
    0x73, 0x3f, 0xac, 0x0,

    /* U+6984 "榄" */
    0x0, 0xff, 0xe0, 0x9, 0x0, 0x78, 0xbe, 0x80,
    0x7e, 0x21, 0xe0, 0xda, 0x60, 0x1f, 0xfc, 0x3b,
    0xe, 0xcc, 0x18, 0x7, 0xfc, 0x26, 0x6, 0x44,
    0x0, 0x5f, 0x2, 0x59, 0x0, 0x69, 0xa, 0xbe,
    0xe1, 0x82, 0x18, 0xa, 0x30, 0x6, 0xf4, 0xca,
    0xa0, 0x5, 0xf4, 0x7, 0xe8, 0x1e, 0x0, 0x7b,
    0x98, 0x57, 0x0, 0x88, 0xd, 0x47, 0xde, 0xe4,
    0x2, 0x7c, 0x70, 0xb, 0x40, 0x16, 0x11, 0xf9,
    0x3f, 0xfb, 0x4, 0x2, 0x40, 0x21, 0x70, 0x2,
    0xb3, 0x62, 0x0, 0xc6, 0x20, 0xe4, 0x20, 0xb,
    0xb1, 0xe4, 0xb8, 0x6, 0xa1, 0x0, 0x4b, 0x0,
    0x4c, 0xa4, 0x1, 0xc2, 0xcc, 0x0, 0x20, 0x6,
    0x10, 0x20, 0xe, 0x31, 0xa0, 0xf, 0xb0, 0x1c,
    0x8, 0x80, 0x2, 0xc0, 0xe, 0x8f, 0x17, 0x8,
    0x48, 0xd1, 0x0, 0x10, 0x7, 0x86, 0xc5, 0x94,
    0x80, 0x16, 0x80, 0x1e, 0x49, 0xe4, 0x9a, 0xc,
    0x77, 0x26, 0x0, 0x7b, 0xd6, 0x39, 0x8c, 0xcb,
    0x10, 0x1a,

    /* U+6A44 "橄" */
    0x0, 0xff, 0xe0, 0x90, 0x7, 0xab, 0xc0, 0x1f,
    0xfc, 0x65, 0xb4, 0x1, 0xfc, 0xef, 0x8, 0x1b,
    0x6, 0x80, 0x42, 0x8c, 0x8, 0x31, 0x9, 0x16,
    0x3, 0xd, 0x66, 0x13, 0xd9, 0x85, 0xcc, 0x42,
    0x80, 0xd7, 0x81, 0x66, 0x48, 0x48, 0x0, 0x43,
    0x77, 0x20, 0x2f, 0xa0, 0xb9, 0xa, 0xa5, 0x80,
    0x26, 0xd0, 0xb9, 0x82, 0xc9, 0x60, 0x48, 0xc0,
    0xc0, 0x1c, 0x1, 0x29, 0x2, 0x3, 0x80, 0xb0,
    0x1, 0x0, 0x4, 0xc0, 0x56, 0x81, 0xc0, 0x60,
    0x44, 0x0, 0x58, 0x2, 0x60, 0xb, 0x94, 0x9,
    0x1, 0x3, 0x80, 0x4c, 0x41, 0xa8, 0xd, 0xd8,
    0x26, 0xc3, 0xc1, 0x41, 0x81, 0x40, 0x50, 0x6,
    0x4c, 0x2, 0x44, 0x1, 0x81, 0xa0, 0x80, 0x63,
    0xf6, 0x0, 0xb0, 0xc, 0x0, 0x9e, 0x1, 0x9c,
    0x9d, 0x3, 0x40, 0x81, 0x0, 0x24, 0x0, 0xb4,
    0xc6, 0x8, 0x10, 0x20, 0x18, 0x3, 0xe5, 0x69,
    0xc6, 0x9, 0x82, 0x31, 0x90, 0xf, 0x44, 0xb1,
    0x80, 0x19, 0xcb, 0x15, 0x94, 0x3, 0xfe, 0x64,
    0xf0, 0xb5, 0x50,

    /* U+6B21 "次" */
    0x0, 0xff, 0xe6, 0x97, 0x58, 0x7, 0xf2, 0x40,
    0x6, 0x41, 0x0, 0xff, 0x53, 0xea, 0x0, 0x30,
    0x8, 0xbc, 0x60, 0x17, 0xa9, 0x5a, 0x82, 0x83,
    0x6e, 0xf6, 0x60, 0x0, 0x35, 0x24, 0xac, 0x2,
    0x67, 0xc4, 0x2, 0x1, 0x9b, 0x42, 0xc2, 0x31,
    0x55, 0x98, 0x40, 0xa0, 0xf, 0x31, 0xb, 0x3,
    0x30, 0x0, 0xe0, 0xa0, 0x1e, 0xa0, 0x90, 0xe,
    0x41, 0x42, 0x0, 0xe8, 0xca, 0x70, 0x20, 0x1,
    0xa5, 0x78, 0x7, 0x43, 0xc2, 0x80, 0x10, 0x1,
    0x60, 0xa8, 0x1, 0x8d, 0xc2, 0x80, 0x2d, 0x0,
    0x30, 0x7, 0xde, 0xc, 0x40, 0x3, 0x40, 0x31,
    0x70, 0xe, 0x73, 0x18, 0x0, 0xb8, 0x17, 0x82,
    0xc, 0x2, 0x28, 0x8, 0x10, 0x1c, 0x21, 0xb2,
    0x70, 0xd3, 0x0, 0x14, 0x23, 0x2, 0x61, 0x86,
    0x88, 0x42, 0xe, 0x40, 0x83, 0xd8, 0x25, 0x91,
    0x30, 0xc0, 0x2b, 0x50, 0x60, 0xe, 0x48, 0x7d,
    0x30, 0xe, 0xab, 0xa1,

    /* U+6B64 "此" */
    0x0, 0xea, 0xf5, 0x0, 0x77, 0x90, 0x7, 0xff,
    0x7d, 0x98, 0x1, 0xff, 0x8, 0x6, 0x98, 0x0,
    0xff, 0x57, 0x18, 0x7, 0xeb, 0xd7, 0x0, 0x26,
    0xa8, 0x20, 0x7, 0xe1, 0x2f, 0x0, 0x49, 0x1e,
    0x38, 0x7, 0xea, 0xf8, 0x0, 0x15, 0x61, 0x80,
    0x7f, 0xf0, 0xbd, 0x40, 0x3f, 0xfd, 0x62, 0x1,
    0xff, 0xc5, 0x6b, 0x20, 0xf, 0x8c, 0xc4, 0x1,
    0xde, 0x8c, 0x1, 0xc, 0x20, 0x4e, 0x51, 0x80,
    0x80, 0xc, 0x18, 0xfc, 0x0, 0xe2, 0x0, 0x1e,
    0x60, 0xce, 0xe2, 0x9, 0x8, 0x0, 0xda, 0x2f,
    0xb8, 0xd0, 0x40, 0x23, 0x58, 0x16, 0xfe, 0x4b,
    0xa0, 0x80, 0xf, 0x7f, 0xee, 0x50,

    /* U+6C42 "求" */
    0x0, 0xff, 0xe7, 0x7f, 0x80, 0xfa, 0x44, 0x3,
    0xff, 0x84, 0x28, 0xdc, 0xa0, 0x14, 0xd5, 0x78,
    0x1, 0x50, 0x4, 0x1d, 0x40, 0x7, 0x55, 0xf0,
    0x1, 0x56, 0x20, 0x45, 0x0, 0x6e, 0x67, 0x58,
    0x2, 0xf3, 0x3c, 0x0, 0x35, 0x93, 0x39, 0x0,
    0x2, 0x67, 0x45, 0x98, 0x5, 0x6b, 0x40, 0x1d,
    0x20, 0x8, 0x46, 0x20, 0xb, 0x5, 0x60, 0x3,
    0x1a, 0xb3, 0x86, 0x90, 0x4, 0x3a, 0xe, 0x20,
    0x1a, 0xe4, 0x2c, 0xc0, 0x38, 0xe7, 0x42, 0x80,
    0xc, 0x21, 0x68, 0x1, 0xf3, 0x2f, 0x28, 0x2,
    0x4, 0x8, 0x3, 0xe4, 0xd8, 0x7, 0x0, 0xd,
    0x4, 0xb0, 0x6, 0x2b, 0xb1, 0x13, 0x20, 0x2,
    0x48, 0x9, 0x90, 0x0, 0xb5, 0x1, 0xf4, 0xc0,
    0x39, 0xdc, 0xd, 0xa4, 0x45, 0x3d, 0x80, 0x0,
    0x80, 0x74, 0x48, 0x31, 0x5, 0x61, 0x7, 0x7f,
    0x1, 0x0, 0x66, 0xda, 0x0, 0xf3, 0x80, 0xf,
    0x80, 0x38, 0x84, 0x0,

    /* U+6CD5 "法" */
    0x0, 0x4b, 0x88, 0x7, 0x5f, 0xa0, 0x7, 0x1a,
    0x47, 0x40, 0x7, 0xff, 0x0, 0xf6, 0x87, 0x8e,
    0xaa, 0x50, 0xfa, 0xa8, 0x3, 0x2f, 0x33, 0x15,
    0x61, 0x4, 0x55, 0x80, 0x6, 0x1, 0x97, 0x76,
    0x30, 0xad, 0xd8, 0xb, 0x39, 0x80, 0x22, 0x29,
    0xc0, 0x48, 0xa0, 0x35, 0x19, 0xa0, 0xf, 0xfe,
    0x0, 0xd6, 0x14, 0x8f, 0xfe, 0x40, 0xbf, 0xfa,
    0x80, 0x7, 0xa6, 0x2, 0x30, 0x4, 0x23, 0x80,
    0x39, 0x87, 0xba, 0x30, 0x8e, 0xed, 0x40, 0x11,
    0x4d, 0x80, 0xc, 0xc2, 0xe0, 0x82, 0x1, 0xd2,
    0x1a, 0x0, 0xf0, 0x90, 0x5b, 0xa0, 0xc, 0xa8,
    0x4c, 0xa, 0x64, 0xe0, 0xa6, 0x8a, 0x1, 0x58,
    0x40, 0xd, 0x82, 0xb4, 0x50, 0x85, 0x80, 0x24,
    0x4d, 0x42, 0x4, 0x1e, 0x5d, 0x48, 0x45, 0x1,
    0x81, 0xe0, 0xd, 0x25, 0x8a, 0xce, 0xff, 0x2,
    0x2, 0xf1, 0x80, 0x13, 0x69, 0xd4, 0xc4, 0x6,
    0xf0,

    /* U+6D45 "浅" */
    0x0, 0x4b, 0x0, 0x63, 0xfc, 0xa, 0x50, 0xe,
    0x27, 0x9c, 0x20, 0xe, 0x27, 0xaa, 0x0, 0x62,
    0xe5, 0x35, 0x0, 0x8, 0x9, 0x6a, 0x38, 0x80,
    0x75, 0x5b, 0x80, 0xc, 0xd, 0x5c, 0x9b, 0x4c,
    0x3, 0x90, 0xaf, 0x78, 0x6, 0xa1, 0x90, 0xd8,
    0x1, 0x4e, 0x1, 0x21, 0x8, 0x1, 0xe6, 0xf7,
    0xd4, 0x9, 0x23, 0x4c, 0xb7, 0xf8, 0x82, 0x99,
    0x8, 0x48, 0xb, 0x98, 0x94, 0x8, 0x4, 0x41,
    0x15, 0x9d, 0xcd, 0x0, 0xa6, 0xd9, 0x9b, 0xfc,
    0x60, 0xaa, 0x30, 0x35, 0x10, 0x9, 0x40, 0x4,
    0x26, 0x60, 0x3c, 0xff, 0x9, 0x88, 0x5, 0x3a,
    0x9f, 0xd9, 0xc0, 0x46, 0x38, 0x42, 0x1, 0x9c,
    0x8c, 0x2, 0x21, 0x13, 0x79, 0x2c, 0x0, 0x4e,
    0xc, 0x20, 0x19, 0xc2, 0x45, 0xe5, 0x80, 0x29,
    0xb, 0x0, 0x86, 0x18, 0x1, 0x30, 0xd2, 0xa0,
    0xe2, 0x84, 0x2d, 0x7c, 0xe0, 0x41, 0x43, 0xa0,
    0xc1, 0x41, 0xe0, 0xb2, 0x82, 0xfd, 0x82, 0x7c,
    0xe2, 0x61, 0x90, 0x80, 0x93, 0x7d, 0x2, 0x2f,
    0x40, 0x1b, 0x0,

    /* U+6D88 "消" */
    0x0, 0x4a, 0x80, 0x48, 0x0, 0x2f, 0xd0, 0x3,
    0x88, 0x23, 0x56, 0x14, 0x5c, 0x80, 0x72, 0x45,
    0x82, 0x72, 0x1a, 0x40, 0xb1, 0x80, 0x68, 0x8,
    0x0, 0xd, 0xd9, 0x82, 0x42, 0xc0, 0x23, 0x33,
    0x90, 0x8, 0x1, 0x0, 0x7, 0x56, 0xc0, 0x15,
    0x58, 0xf, 0xea, 0x0, 0xe, 0xeb, 0x2c, 0xb,
    0x2b, 0x8, 0x58, 0xae, 0x40, 0x22, 0x66, 0xe1,
    0x0, 0xa3, 0xb, 0x0, 0x27, 0x99, 0xe2, 0x0,
    0xc7, 0xaa, 0x1, 0x2f, 0xff, 0x18, 0x7, 0x94,
    0x2, 0x14, 0x4e, 0x10, 0xe, 0x5a, 0x50, 0x2,
    0x5d, 0xf1, 0x0, 0x74, 0x83, 0x0, 0x12, 0xab,
    0x88, 0x3, 0x21, 0x9c, 0x0, 0x15, 0x5e, 0x10,
    0xd, 0x1, 0x40, 0x12, 0xff, 0xf1, 0x80, 0x4a,
    0x62, 0xc0, 0x1f, 0xfc, 0x1e, 0x9, 0x0, 0xfd,
    0x1a, 0x60, 0x61, 0x6c, 0xe0, 0x1f, 0xb0, 0x86,
    0x4,

    /* U+6DF1 "深" */
    0x0, 0x39, 0x0, 0x7f, 0xf0, 0xd6, 0x36, 0x47,
    0xff, 0xfd, 0xc0, 0x5, 0xa1, 0x63, 0x1, 0x55,
    0xf8, 0x3, 0x97, 0xe8, 0x81, 0x2f, 0xaa, 0x93,
    0xd4, 0x20, 0x1c, 0x2a, 0xd, 0x95, 0x6a, 0x1b,
    0x69, 0x10, 0x0, 0x29, 0x0, 0x52, 0x28, 0x85,
    0xd, 0xb, 0x56, 0x1, 0xad, 0x80, 0x3, 0x40,
    0xd0, 0x0, 0xe8, 0x34, 0x40, 0x64, 0x1e, 0x46,
    0x2, 0x85, 0xe0, 0x55, 0xc5, 0x80, 0xd, 0xa7,
    0x43, 0x96, 0x81, 0x6e, 0x61, 0x14, 0xe0, 0x11,
    0x61, 0x84, 0xfd, 0xd8, 0xc2, 0x6e, 0xdd, 0x40,
    0x18, 0xd0, 0x51, 0x30, 0x1, 0x13, 0x80, 0x34,
    0xd8, 0x7f, 0xb4, 0x3, 0x37, 0xfb, 0x80, 0x21,
    0x53, 0x10, 0x4, 0x80, 0x42, 0xc8, 0x1, 0xd2,
    0x14, 0x0, 0x84, 0x53, 0x8, 0xa, 0x30, 0x8,
    0x5c, 0x58, 0x25, 0xc6, 0xc0, 0x8, 0xe3, 0xa8,
    0x0, 0x90, 0x60, 0xc6, 0xd, 0x10, 0xa, 0x14,
    0x6c, 0xc1, 0x2, 0x82, 0x47, 0xc, 0x3, 0xa9,
    0x98, 0x61, 0xb0, 0x40, 0xbc, 0x60, 0x1f, 0x4c,
    0x80,

    /* U+6EDA "滚" */
    0x0, 0xff, 0x9, 0x0, 0x7e, 0x91, 0x0, 0xe4,
    0xef, 0x0, 0xf9, 0x5b, 0xcd, 0xee, 0xef, 0x2,
    0xbb, 0xe0, 0x2, 0xd8, 0xe6, 0x11, 0x30, 0x1,
    0x13, 0x80, 0x24, 0xba, 0xbf, 0x80, 0x8f, 0xf4,
    0x83, 0x7f, 0x80, 0x32, 0x28, 0xdc, 0x21, 0xb8,
    0x21, 0xb6, 0x10, 0x2, 0xdc, 0xf, 0x91, 0x66,
    0xa1, 0x43, 0x18, 0xf0, 0x85, 0xe2, 0xcd, 0x26,
    0x30, 0x69, 0xb6, 0x65, 0xa, 0x43, 0x88, 0x95,
    0x96, 0xb, 0x82, 0x3, 0x4b, 0xd8, 0x5, 0x76,
    0x42, 0xb1, 0x7, 0xa8, 0x12, 0x66, 0x0, 0x73,
    0x1, 0x2b, 0xa8, 0x5, 0x7a, 0xee, 0x0, 0xec,
    0xb0, 0xae, 0x50, 0xb0, 0x80, 0xcf, 0x70, 0x9,
    0x4, 0x47, 0x72, 0x16, 0x8c, 0x57, 0x60, 0x20,
    0xb, 0xc1, 0xb1, 0x0, 0xc, 0x10, 0x28, 0x7e,
    0xa0, 0x2, 0x42, 0xd5, 0xb6, 0x0, 0xa, 0xd0,
    0x1b, 0x80, 0x50, 0x14, 0x34, 0x8a, 0x19, 0xd4,
    0x94, 0x13, 0x86, 0x6, 0xc, 0x0, 0x33, 0x1,
    0xbd, 0x2, 0xe1, 0x9, 0x84, 0xf0, 0x80, 0xe,
    0xbb, 0x61, 0x0, 0x7, 0xb8, 0x0,

    /* U+7070 "灰" */
    0x0, 0xff, 0xe5, 0xf7, 0x90, 0x7, 0xff, 0xc,
    0x40, 0xc0, 0x3f, 0xee, 0xff, 0x80, 0x1d, 0xff,
    0xfb, 0x0, 0x4, 0x58, 0x0, 0x45, 0xfc, 0xc0,
    0xc, 0xdd, 0x40, 0x2e, 0xed, 0x37, 0x9b, 0xb5,
    0x0, 0x76, 0x81, 0x0, 0x5f, 0x2a, 0x1, 0xfc,
    0x61, 0xa6, 0x40, 0xe0, 0xe0, 0xa6, 0x1, 0xe4,
    0x4, 0x9d, 0x1, 0x1, 0xb, 0xc0, 0xe, 0x40,
    0x21, 0x43, 0x3, 0x2, 0x61, 0x70, 0xe, 0xe0,
    0x54, 0x14, 0x11, 0x0, 0xd8, 0xc8, 0x6, 0x25,
    0xa, 0x3, 0xa4, 0x0, 0x4e, 0x68, 0x80, 0x68,
    0x4, 0x24, 0xc2, 0xe0, 0x3, 0x99, 0x80, 0x33,
    0x28, 0x48, 0x4, 0x88, 0x9, 0xe, 0x0, 0xc5,
    0x20, 0xe4, 0x0, 0x3a, 0x8, 0x65, 0x3b, 0x0,
    0x8a, 0x12, 0x0, 0xf, 0x82, 0xae, 0x14, 0x69,
    0xa6, 0x0, 0x7b, 0x0, 0x5c, 0x3, 0xd0, 0x5,
    0x88, 0x5e, 0x1, 0xe9, 0x6d, 0x80, 0xe, 0xb9,
    0xd0,

    /* U+7248 "版" */
    0x0, 0xff, 0x12, 0x34, 0x56, 0xa0, 0x2, 0x3d,
    0x7, 0xe8, 0x33, 0xf6, 0xe5, 0xd4, 0xbc, 0x3,
    0xfe, 0x68, 0x9b, 0xdf, 0xb0, 0xf, 0xfa, 0x1d,
    0x90, 0x80, 0x3f, 0xf9, 0x98, 0xc0, 0xca, 0x1,
    0xf0, 0x80, 0x73, 0xc0, 0x1d, 0x0, 0x3b, 0xff,
    0x75, 0x80, 0x68, 0xbb, 0xc0, 0x10, 0xa2, 0xc,
    0x8, 0x3, 0x1a, 0x26, 0x0, 0x11, 0xdd, 0xa8,
    0x3c, 0x3, 0x7d, 0x54, 0x1, 0x29, 0x10, 0x30,
    0x14, 0x0, 0x20, 0x8a, 0xb0, 0x8, 0x58, 0x28,
    0x28, 0x98, 0x0, 0xc3, 0x3c, 0xc0, 0x6, 0x26,
    0x52, 0xe0, 0xe0, 0x10, 0x81, 0x0, 0x61, 0x30,
    0xa1, 0x80, 0xb0, 0x9, 0x80, 0x40, 0x21, 0x6,
    0x6, 0x0, 0x29, 0x0, 0x44, 0x60, 0x19, 0x40,
    0xc1, 0xc0, 0xe, 0x1, 0x20, 0x28, 0x6, 0x30,
    0xd8, 0x90, 0x22, 0x60, 0x86, 0x86, 0x0, 0x6c,
    0xe, 0x70, 0xac, 0x23, 0xf0, 0x83, 0x50, 0xd,
    0xad, 0x5, 0x8a, 0x38, 0x70, 0x3, 0x80, 0x16,
    0x7b, 0x49, 0xe9, 0x80, 0x7, 0x18, 0x0,

    /* U+73B0 "现" */
    0x2f, 0xff, 0x17, 0xff, 0xe1, 0x0, 0xff, 0xa,
    0xae, 0x0, 0xe2, 0x20, 0x0, 0x88, 0x0, 0x2a,
    0xac, 0x40, 0x11, 0x6e, 0x84, 0x37, 0x46, 0x1,
    0xff, 0xc9, 0xa8, 0x0, 0xff, 0xe2, 0x2a, 0x80,
    0x3d, 0xde, 0x21, 0xf4, 0x1, 0xff, 0xc0, 0x52,
    0x0, 0x11, 0x0, 0x3f, 0xf8, 0x17, 0xa2, 0x1b,
    0x0, 0x1c, 0x20, 0x1f, 0xfc, 0x1, 0x6b, 0x20,
    0x60, 0x56, 0x10, 0xf, 0xe9, 0x77, 0x1, 0x84,
    0x48, 0x7, 0xd1, 0xc4, 0x0, 0xf0, 0x67, 0x0,
    0xe2, 0x71, 0x7, 0x16, 0x2, 0x50, 0xc, 0xb2,
    0xd, 0xb0, 0x0, 0x17, 0x50, 0xe0, 0x60, 0x8,
    0xd8, 0x88, 0x0, 0x5b, 0xe8, 0x1b, 0x34, 0xa0,
    0x8, 0x40, 0x96, 0xbe, 0x90, 0x13, 0x50, 0xec,
    0x1, 0x8d, 0x64, 0x2, 0xa0, 0x1b, 0x49, 0xb0,
    0xc, 0xc9, 0x27, 0x60, 0x1f, 0x4e, 0x48, 0x5,
    0x9f, 0xf3, 0x0,

    /* U+7406 "理" */
    0x2f, 0xfe, 0xba, 0xff, 0xfd, 0xa0, 0x1f, 0xfc,
    0x73, 0x21, 0x0, 0x10, 0x80, 0x22, 0x48, 0x26,
    0x40, 0x10, 0xef, 0x81, 0xed, 0x0, 0x19, 0x82,
    0x26, 0x60, 0x7, 0xff, 0x3, 0xbc, 0xc7, 0xfc,
    0x1, 0xff, 0xc0, 0x78, 0x20, 0x88, 0x0, 0x6e,
    0xe0, 0x1f, 0xb0, 0x2, 0x5c, 0x44, 0xee, 0x0,
    0xc4, 0x40, 0x1, 0x18, 0x3, 0x30, 0x63, 0x98,
    0x0, 0xd9, 0x80, 0x3d, 0x52, 0x20, 0x8, 0x0,
    0x44, 0x4c, 0x1, 0xfa, 0x37, 0x61, 0xc, 0xdd,
    0x58, 0x7, 0xe8, 0xaa, 0x84, 0x2a, 0xb0, 0x7,
    0x16, 0x5a, 0xae, 0x0, 0x22, 0xac, 0x3, 0x18,
    0x2, 0x6f, 0x9d, 0xd0, 0x86, 0xf7, 0x40, 0x6e,
    0x40, 0xd7, 0x82, 0x38, 0x0, 0x62, 0x30, 0x12,
    0xd7, 0xca, 0x6e, 0xf0, 0x86, 0x6e, 0xce, 0x14,
    0xa0, 0x11, 0x17, 0x0, 0x8, 0xb7, 0x80,

    /* U+7528 "用" */
    0x0, 0x17, 0x7f, 0x77, 0xf7, 0xf1, 0x0, 0x42,
    0x2, 0x3f, 0xc0, 0x22, 0x0, 0xc9, 0xff, 0x10,
    0x6f, 0xfc, 0x80, 0x1f, 0xfc, 0xb4, 0xdd, 0x88,
    0x33, 0x76, 0x40, 0xf, 0x88, 0xa0, 0x0, 0x91,
    0x40, 0x1f, 0x27, 0xfc, 0x41, 0xbf, 0xf2, 0x0,
    0x7f, 0xf2, 0x44, 0x17, 0x32, 0x20, 0xec, 0xc9,
    0x40, 0x33, 0x80, 0x99, 0xc0, 0x3, 0x3c, 0x20,
    0x18, 0x81, 0xff, 0xe2, 0xc, 0xff, 0x90, 0x3,
    0x60, 0x68, 0x7, 0x8, 0x7, 0xe4, 0x4, 0x0,
    0xff, 0xe0, 0xa8, 0x98, 0x80, 0x7f, 0xf0, 0x6,
    0x2, 0x40, 0x3e, 0x8c, 0xc2, 0x0, 0x89, 0xd,
    0x40, 0x30, 0x88, 0x34, 0xcc, 0x2e, 0x41, 0x38,
    0x1, 0xd9, 0xc4, 0xbf, 0xee, 0x80,

    /* U+754C "界" */
    0x0, 0x17, 0xff, 0xff, 0x3, 0x40, 0x3f, 0xf9,
    0x85, 0xff, 0x8, 0x77, 0xfb, 0x40, 0x3f, 0x1c,
    0x44, 0x21, 0x31, 0xb, 0x0, 0xfc, 0x2e, 0xf0,
    0x1, 0xde, 0x60, 0xf, 0xc5, 0xff, 0x8, 0x77,
    0xfb, 0x40, 0x3f, 0x16, 0x64, 0x21, 0x99, 0x78,
    0x7, 0x8c, 0xe0, 0x33, 0x11, 0x91, 0x90, 0x9b,
    0x80, 0x61, 0xcc, 0x38, 0x26, 0xe5, 0x0, 0xc6,
    0x50, 0x7, 0x16, 0xa1, 0xd0, 0x1, 0x60, 0x2e,
    0x0, 0x30, 0xc6, 0x90, 0xd9, 0x0, 0x46, 0xa0,
    0xfc, 0xe2, 0x1a, 0xe1, 0x11, 0x58, 0x5, 0x4b,
    0x8, 0x30, 0xc1, 0xad, 0xaf, 0xc1, 0xe0, 0x1c,
    0x57, 0x90, 0xe0, 0x32, 0x40, 0xa0, 0x60, 0x1f,
    0x1b, 0x80, 0x75, 0x11, 0x10, 0x3, 0xff, 0x80,
    0xbc, 0xa1, 0xc0, 0x1f, 0xfc, 0x14, 0x4, 0xd3,
    0x0, 0xff, 0xe0, 0x8f, 0x59, 0x0, 0x77, 0x7a,
    0x80, 0x60,

    /* U+7684 "的" */
    0x0, 0xff, 0xe3, 0x1f, 0xd0, 0x6, 0x9d, 0x40,
    0xf, 0x28, 0x10, 0x6, 0x72, 0x60, 0xc, 0x25,
    0x81, 0x82, 0x20, 0x41, 0x21, 0x33, 0x21, 0xee,
    0x94, 0x2f, 0xbc, 0x3c, 0xb, 0x32, 0xbc, 0x0,
    0x33, 0x40, 0x3, 0x41, 0x77, 0xc0, 0x20, 0x9,
    0x98, 0x43, 0xc2, 0x23, 0x84, 0x3, 0xf2, 0x9b,
    0x8, 0x4, 0x26, 0x0, 0xaa, 0x84, 0x27, 0x75,
    0x80, 0x18, 0x40, 0xa, 0xb0, 0x4, 0x28, 0x52,
    0x1, 0xef, 0xf8, 0x40, 0x29, 0x16, 0x31, 0x7,
    0x0, 0xff, 0x58, 0x41, 0x80, 0x80, 0x7f, 0x96,
    0x28, 0x40, 0xc0, 0x3f, 0xe7, 0x17, 0x1, 0x0,
    0x7f, 0xc2, 0x1, 0xf1, 0x7, 0x0, 0x11, 0x33,
    0x80, 0x7b, 0x40, 0x80, 0x17, 0x7a, 0x40, 0x3,
    0xb9, 0xa8, 0x9, 0x9c, 0x1, 0xf0, 0x88, 0xc8,
    0x96, 0x0, 0x10, 0xf, 0xd9, 0xfe, 0xd4, 0x0,

    /* U+76EE "目" */
    0x6f, 0xff, 0xfe, 0x2, 0x0, 0x42, 0x3f, 0x80,
    0x39, 0xbb, 0xbf, 0x18, 0x7, 0xff, 0x51, 0xbf,
    0xff, 0x18, 0x6, 0x13, 0x3f, 0xc0, 0x1c, 0xf9,
    0x9f, 0x8c, 0x3, 0xff, 0x8c, 0xfb, 0xbf, 0x8c,
    0x3, 0x9, 0x17, 0xe0, 0xe, 0x6f, 0xff, 0xc6,
    0x1, 0xff, 0xc6, 0x7d, 0xdf, 0xc6, 0x1, 0x84,
    0x8b, 0xf0, 0x7, 0x37, 0xff, 0xe3, 0x0, 0xff,
    0xe2, 0x0,

    /* U+770B "看" */
    0x0, 0xfe, 0x12, 0x35, 0x78, 0x0, 0xd5, 0xdd,
    0x7f, 0xdd, 0xb9, 0x50, 0xee, 0x0, 0xbd, 0xdc,
    0xce, 0x0, 0x9a, 0xbd, 0xef, 0x70, 0x9, 0x22,
    0x13, 0xa0, 0x4e, 0x8a, 0x60, 0x22, 0x0, 0xab,
    0xba, 0xa0, 0x2e, 0xef, 0x80, 0x2f, 0xaa, 0x48,
    0x2, 0x6a, 0xbe, 0x0, 0x4e, 0xe6, 0x34, 0x7,
    0xf3, 0x3e, 0x90, 0x66, 0xc8, 0x2, 0xcd, 0xfc,
    0x1f, 0xf3, 0x1, 0xe6, 0x7e, 0xff, 0x0, 0x4a,
    0xc0, 0x79, 0x9f, 0x90, 0x2, 0x5a, 0x0, 0x36,
    0x67, 0x90, 0x3, 0x45, 0x1, 0x83, 0x66, 0x79,
    0x0, 0x23, 0x70, 0x9a, 0x6, 0xbb, 0xf1, 0x80,
    0x47, 0x58, 0xc0, 0x7, 0x88, 0xf1, 0x0, 0x65,
    0x30, 0x9, 0x6e, 0xfc, 0x60, 0x1f, 0xcf, 0xff,
    0xe0, 0xf, 0xf1, 0xbb, 0xf8, 0x80, 0x3f, 0xa3,
    0xff, 0xca, 0x1, 0x0,

    /* U+77E5 "知" */
    0x0, 0x8, 0x7, 0xff, 0x12, 0xbc, 0xc0, 0x3f,
    0xf8, 0x4a, 0x6, 0x1, 0x86, 0xab, 0xcc, 0x6,
    0x21, 0xbb, 0xa4, 0x15, 0x7d, 0x81, 0x40, 0x2,
    0x2c, 0x60, 0x3, 0xcc, 0x48, 0x0, 0x98, 0x7c,
    0x43, 0xbe, 0x80, 0x23, 0x31, 0x0, 0x18, 0x24,
    0x3, 0xff, 0x84, 0x9a, 0xc0, 0x1f, 0xfc, 0x25,
    0xde, 0xf1, 0xe, 0xff, 0x28, 0x7, 0xc2, 0x67,
    0x0, 0xc, 0xe7, 0x0, 0xf9, 0x33, 0x1c, 0x3,
    0x99, 0x10, 0x7, 0xf9, 0xc0, 0x64, 0x3, 0xff,
    0x83, 0xe0, 0x6, 0x80, 0xf, 0xf8, 0x94, 0x34,
    0x5d, 0x80, 0x38, 0x40, 0x37, 0x3, 0x96, 0x84,
    0x90, 0x1f, 0xfa, 0x80, 0x2b, 0x32, 0x80, 0x37,
    0x71, 0x0, 0xc, 0xc4, 0x0, 0x34, 0x1f, 0x0,
    0xa2, 0x0, 0x3, 0xcc, 0x48, 0x99, 0xb3, 0xc8,
    0x3, 0x87, 0x74, 0x0, 0x4e, 0x90,

    /* U+7801 "码" */
    0x2, 0x2f, 0x0, 0x7f, 0xc7, 0xbb, 0xe3, 0xdf,
    0xff, 0x58, 0x0, 0x95, 0x0, 0x95, 0x42, 0xe6,
    0x7c, 0x1, 0x86, 0xb8, 0x2a, 0xa2, 0xac, 0xcd,
    0xc0, 0x40, 0x1b, 0x1, 0x0, 0x23, 0xd8, 0x0,
    0x30, 0x8, 0x6, 0x40, 0x30, 0x9, 0xc8, 0x2,
    0x10, 0xf0, 0x8, 0x88, 0xa0, 0x18, 0x43, 0xc0,
    0x4, 0x4, 0x1, 0x50, 0x2f, 0xfb, 0x0, 0x80,
    0x80, 0x1c, 0x2, 0x0, 0x17, 0x1, 0x40, 0xb,
    0xc3, 0xa6, 0x48, 0x1f, 0x20, 0xc0, 0x7, 0xb1,
    0x0, 0x10, 0x23, 0x30, 0x81, 0x18, 0x14, 0x3,
    0xea, 0xee, 0xf1, 0x88, 0x15, 0x0, 0x7c, 0x23,
    0xf1, 0x0, 0x10, 0x3, 0x9b, 0xff, 0xc8, 0x4e,
    0x1, 0x92, 0x44, 0x9, 0x57, 0xc0, 0x2, 0x0,
    0xc4, 0xc0, 0x4, 0xaa, 0xf0, 0x3, 0x80, 0x32,
    0xf7, 0x34, 0x3, 0xec, 0x3, 0x0, 0xb, 0xf0,
    0x8c, 0x1, 0x8a, 0xec, 0xe0, 0x80, 0x14, 0x20,
    0x7, 0xc4, 0xa8, 0x34, 0x0,

    /* U+7814 "研" */
    0x0, 0xff, 0xe3, 0xf, 0xff, 0x9d, 0xdf, 0xff,
    0x94, 0x50, 0xc0, 0x51, 0x4, 0x1, 0xff, 0x5f,
    0x83, 0xdd, 0x95, 0x54, 0x7, 0x74, 0x5, 0x68,
    0x0, 0x40, 0xc0, 0x8, 0x9c, 0x1d, 0x10, 0x2,
    0x82, 0x0, 0xc0, 0x40, 0xf, 0xfe, 0x1a, 0x18,
    0x80, 0x7f, 0xf0, 0x98, 0xf, 0x76, 0x20, 0xf,
    0xfa, 0xc0, 0x6, 0x44, 0x1c, 0xc0, 0x26, 0xf8,
    0x1e, 0xca, 0x90, 0x37, 0x38, 0x0, 0x84, 0x0,
    0x42, 0x0, 0x23, 0x40, 0xf, 0xbb, 0x1, 0x7f,
    0x80, 0xfe, 0x86, 0x40, 0x3e, 0x60, 0x20, 0xf,
    0x9c, 0x3, 0xed, 0xf, 0x0, 0xfe, 0x49, 0x40,
    0x9, 0x0, 0xc0, 0x3f, 0x89, 0x8c, 0x0, 0x66,
    0x4, 0x0, 0xfe, 0x5d, 0xd8, 0xfc, 0x10, 0x3,
    0xf0, 0xbf, 0x11, 0x46, 0x60, 0xf0, 0xf, 0xe8,
    0x40, 0x8, 0xe9, 0x50, 0x3, 0xff, 0x86, 0xb4,
    0x1, 0xf, 0xe0, 0x0,

    /* U+786E "确" */
    0x0, 0xfe, 0x7a, 0x10, 0xe, 0x2f, 0xff, 0x10,
    0x4a, 0x8, 0x7, 0x19, 0xc0, 0x26, 0x73, 0x9,
    0xcc, 0xaa, 0x4c, 0x7, 0x3c, 0x1b, 0x30, 0x30,
    0x4, 0xcc, 0x56, 0x20, 0x9, 0x3, 0x40, 0x12,
    0x31, 0xfe, 0x60, 0x91, 0x0, 0xb0, 0x10, 0x1d,
    0x83, 0x2a, 0x8c, 0x19, 0x70, 0x0, 0x43, 0x10,
    0xc, 0x8a, 0xa0, 0x2, 0xa2, 0x83, 0x1, 0xee,
    0xbf, 0x1, 0x7d, 0x43, 0xbc, 0x2, 0xb0, 0x1,
    0x91, 0x40, 0xee, 0x60, 0x97, 0x0, 0x29, 0x3,
    0x70, 0x80, 0x45, 0x6, 0xf, 0x0, 0x7, 0x0,
    0xfc, 0xbe, 0xa1, 0xde, 0x0, 0x2a, 0x0, 0xe3,
    0x7, 0x73, 0x4, 0xb8, 0x4, 0xa0, 0x1c, 0xc0,
    0x50, 0x60, 0xf0, 0x1, 0xc9, 0x22, 0x6, 0x11,
    0xca, 0x1b, 0xc0, 0x1c, 0x4c, 0x0, 0xc0, 0x41,
    0x0, 0x18, 0x80, 0x72, 0xf7, 0x48, 0x6, 0x1,
    0xfd, 0x1c, 0x22, 0xe0, 0x60, 0x7, 0xb2, 0x50,
    0x8, 0x1, 0xd0, 0x1, 0x67, 0x0, 0x5, 0x91,
    0x51, 0x90, 0xf, 0xe, 0x8, 0x6, 0x4f, 0xe5,

    /* U+793A "示" */
    0x0, 0xff, 0xe4, 0x17, 0xff, 0xff, 0x2, 0x40,
    0x38, 0x47, 0xff, 0x82, 0x1, 0x8b, 0xbb, 0xff,
    0x81, 0x0, 0x1f, 0xfc, 0x9e, 0xef, 0xfe, 0x20,
    0x0, 0x47, 0xff, 0x88, 0x0, 0xff, 0xf8, 0xc2,
    0xbf, 0xfc, 0x1, 0x84, 0xc0, 0x3f, 0x11, 0x0,
    0x3c, 0xd9, 0x80, 0xf, 0x2e, 0xc8, 0x7, 0xa4,
    0x28, 0x3, 0xca, 0x28, 0x80, 0xd, 0x2, 0x26,
    0x0, 0xfa, 0x2, 0x0, 0x23, 0x70, 0x80, 0xf,
    0xcc, 0x26, 0x80, 0x3c, 0x6, 0xc0, 0x1f, 0xd0,
    0x1e, 0x0, 0x60, 0xe0, 0xc, 0x20, 0x1c, 0xc0,
    0x10, 0xde, 0x90, 0x57, 0xf8, 0x81, 0x80, 0x36,
    0xd8, 0x4, 0x40, 0xf, 0x0, 0x13, 0x98, 0x6,
    0x20, 0x0,

    /* U+79D2 "秒" */
    0x0, 0x85, 0x66, 0x80, 0x37, 0xe8, 0x7, 0x15,
    0x6f, 0x53, 0x29, 0x80, 0x7f, 0x8d, 0x40, 0x2b,
    0xf3, 0x0, 0xf1, 0x10, 0x0, 0x3f, 0xa6, 0xa,
    0x0, 0x9d, 0x10, 0x1, 0xec, 0x80, 0x7c, 0x60,
    0x5, 0x21, 0x0, 0x19, 0x90, 0x82, 0x7f, 0xc6,
    0x1b, 0xee, 0x64, 0x1, 0xa8, 0x28, 0x3c, 0xcc,
    0x0, 0x33, 0x78, 0x20, 0x6, 0x70, 0x50, 0x6c,
    0x90, 0x2, 0x60, 0x3, 0x0, 0x30, 0x98, 0x80,
    0x5c, 0x0, 0x76, 0xd2, 0x40, 0xe, 0xdc, 0x0,
    0x1a, 0x0, 0xa, 0x5f, 0x44, 0x3, 0x4f, 0x28,
    0x3, 0xc4, 0x82, 0x48, 0x80, 0x1c, 0x2c, 0x8,
    0xe, 0x6c, 0x20, 0xb8, 0x1, 0xb7, 0xe8, 0x1c,
    0x43, 0xc6, 0x40, 0x21, 0x0, 0xc5, 0x8, 0x50,
    0x0, 0x9b, 0x10, 0xf, 0x93, 0x54, 0x7c, 0x2,
    0x15, 0x0, 0xe2, 0x7d, 0xb2, 0x3f, 0x20, 0xf,
    0xe7, 0xd8, 0x22, 0x4e, 0x8, 0x7, 0xf9, 0xcd,
    0xaf, 0x58, 0x3, 0xc0,

    /* U+79FB "移" */
    0x0, 0xff, 0x88, 0x3, 0xf9, 0x23, 0xa0, 0x2,
    0x6d, 0xc0, 0xf, 0x67, 0xdb, 0x89, 0x0, 0x16,
    0x41, 0xe6, 0x9c, 0x2, 0x45, 0x20, 0xea, 0x8,
    0xa0, 0x2, 0x32, 0xc0, 0x80, 0x22, 0x98, 0x0,
    0x3a, 0xe5, 0x7f, 0xe4, 0x7, 0x10, 0xf, 0x18,
    0xdb, 0x3d, 0xc5, 0x22, 0x20, 0x0, 0xbf, 0xe4,
    0xd, 0xf4, 0x9b, 0x17, 0x54, 0xb0, 0x9, 0x8c,
    0x80, 0x6, 0x61, 0x6c, 0x10, 0x2f, 0x0, 0xc7,
    0x96, 0x0, 0x4c, 0xf9, 0x37, 0x62, 0xe0, 0x10,
    0xd, 0x40, 0x7, 0x6e, 0xbe, 0xe3, 0x2, 0xff,
    0x68, 0x81, 0x98, 0x0, 0x72, 0x69, 0x12, 0x2c,
    0xc4, 0x0, 0x8, 0x40, 0xa0, 0x7a, 0xab, 0x1c,
    0xb2, 0x64, 0xe1, 0x60, 0xa8, 0xc0, 0x2, 0xac,
    0x35, 0x4c, 0x58, 0x33, 0x30, 0x8, 0x48, 0x6,
    0x8c, 0xac, 0x1a, 0x70, 0xe0, 0x2, 0x50, 0x80,
    0x71, 0x82, 0x18, 0x2, 0xc8, 0x2, 0x50, 0xf,
    0x14, 0x71, 0x96, 0xa0, 0x7, 0xf1, 0x6e, 0x9c,
    0x23, 0x48, 0x3, 0xfc, 0x42, 0x73, 0xee, 0x1,
    0xfd, 0x7e, 0x21, 0x98, 0x60, 0xf, 0xc0,

    /* U+7A0B "程" */
    0x0, 0x89, 0xb1, 0x83, 0xff, 0xf0, 0x1, 0x2f,
    0xb6, 0x4f, 0x44, 0x0, 0xab, 0x80, 0x33, 0x14,
    0x90, 0x6d, 0x88, 0x15, 0x56, 0x20, 0x8, 0xa5,
    0xc4, 0x3, 0xff, 0x98, 0x23, 0x80, 0x33, 0xff,
    0x8c, 0x37, 0xc8, 0xb, 0xbb, 0x10, 0x4, 0x46,
    0x60, 0x1, 0x9c, 0xef, 0xf8, 0x0, 0xb9, 0x20,
    0x4, 0xc5, 0x0, 0xfc, 0xe0, 0x14, 0x80, 0x1e,
    0x31, 0xdf, 0xf5, 0x0, 0x10, 0xc0, 0x6, 0xfb,
    0xdd, 0x8, 0x6f, 0x73, 0x0, 0x12, 0x26, 0x1e,
    0x6a, 0x23, 0x18, 0x18, 0x8c, 0x12, 0x50, 0x0,
    0x1c, 0x2f, 0xf8, 0x83, 0xbf, 0xc4, 0x1e, 0x4c,
    0x1, 0x8d, 0x56, 0x0, 0x22, 0xa8, 0xc1, 0xb8,
    0x3, 0x86, 0xaa, 0x20, 0xaa, 0x84, 0x0, 0x60,
    0x18, 0x55, 0x71, 0x83, 0xaa, 0xc2, 0x1, 0xe5,
    0xaa, 0xc2, 0x13, 0x55, 0x10, 0x7, 0xff, 0x18,

    /* U+7A76 "究" */
    0x0, 0xf8, 0x59, 0x80, 0x1f, 0xfc, 0x32, 0x99,
    0x10, 0x7, 0xe8, 0xaa, 0xe9, 0x0, 0x75, 0x57,
    0x48, 0x1, 0x57, 0xe0, 0x1, 0xaa, 0xf3, 0x80,
    0x6e, 0xff, 0x55, 0xff, 0xba, 0x3b, 0xf4, 0x3,
    0x39, 0x81, 0x55, 0x44, 0x11, 0xe, 0x73, 0x57,
    0x0, 0x57, 0xde, 0xaa, 0x79, 0x4, 0xe1, 0xc7,
    0xfa, 0x40, 0x3, 0xaa, 0x77, 0x48, 0x80, 0x1,
    0xe4, 0x85, 0x18, 0x0, 0x77, 0x30, 0x85, 0x50,
    0x1, 0x9b, 0xf0, 0xc0, 0x2b, 0xfc, 0xc7, 0x81,
    0xe6, 0x67, 0x13, 0x0, 0xc6, 0x7c, 0x0, 0x33,
    0xda, 0x1, 0xeb, 0xff, 0xa8, 0x13, 0xfd, 0x20,
    0x1f, 0xfc, 0xd, 0x2, 0x0, 0x18, 0x7, 0xfc,
    0x4e, 0x1a, 0x1, 0xe2, 0x81, 0x0, 0xc5, 0xe0,
    0x68, 0x1, 0xe1, 0x79, 0x0, 0x9f, 0x48, 0x78,
    0x3, 0xe7, 0xf, 0x9, 0xf8, 0x3, 0xc2, 0x0,
    0x98, 0x17, 0x68, 0xc, 0x3c, 0xe, 0x70, 0x80,
    0x31, 0xa0, 0x10, 0xa2, 0x1, 0xbb, 0x18, 0x3,
    0xeb, 0xff, 0xac, 0x0,

    /* U+7AEF "端" */
    0x0, 0x1e, 0xb8, 0x2, 0x7c, 0xc3, 0xb8, 0x0,
    0xfc, 0x0, 0x8c, 0xd2, 0x1, 0xff, 0xc4, 0x75,
    0x20, 0xf, 0xfe, 0x1, 0x7f, 0x99, 0x37, 0x80,
    0x15, 0x2, 0x28, 0x80, 0x4, 0x67, 0xe5, 0x0,
    0x33, 0x80, 0x1d, 0xc0, 0x10, 0xfc, 0xe6, 0xa4,
    0xc6, 0x67, 0xee, 0x0, 0x55, 0x81, 0x3d, 0xef,
    0xff, 0xee, 0x40, 0xe1, 0x13, 0x80, 0x99, 0xff,
    0x84, 0x8, 0xc, 0x82, 0x7f, 0xeb, 0x2, 0xff,
    0xca, 0xc, 0xd, 0xc0, 0x31, 0x76, 0x90, 0x5,
    0xde, 0x0, 0x8, 0x11, 0xc, 0x15, 0x14, 0x80,
    0x91, 0x30, 0x0, 0xc0, 0xdd, 0x40, 0x3, 0xc0,
    0xf4, 0x1a, 0x80, 0x10, 0xe9, 0x93, 0x68, 0x7,
    0xfc, 0x7d, 0xb2, 0x1, 0xff, 0xc2, 0x21, 0x12,
    0xcf, 0x68, 0x7, 0xfc, 0x3b, 0xd4, 0xc2, 0x1,
    0xf9, 0x58, 0x2, 0x20, 0xf, 0xfe, 0x7, 0x13,
    0x0, 0x7e, 0xcc, 0x7, 0xc2, 0xfc, 0xfc, 0x80,

    /* U+7B26 "符" */
    0x0, 0x8c, 0x3, 0xc4, 0x20, 0x1f, 0x1e, 0x60,
    0x3, 0xb3, 0x84, 0x3, 0xd2, 0x3, 0x55, 0x33,
    0x4, 0x2e, 0xab, 0x1, 0xa8, 0x12, 0xad, 0x90,
    0x0, 0x55, 0xc8, 0x1c, 0x14, 0xc1, 0x3e, 0x22,
    0x6f, 0x30, 0xbf, 0xe3, 0x32, 0x2c, 0x6, 0x88,
    0x14, 0x87, 0x11, 0x0, 0x7, 0xf4, 0x1a, 0x74,
    0x37, 0x80, 0x3, 0xd, 0x0, 0x84, 0x4a, 0x62,
    0x20, 0x0, 0x80, 0xc, 0x98, 0x3, 0xd, 0x84,
    0x5f, 0xff, 0x68, 0x17, 0xf8, 0x1, 0xa2, 0x8,
    0x68, 0x9e, 0x0, 0x22, 0x2, 0xcc, 0x2, 0x8b,
    0x8b, 0xba, 0x80, 0xae, 0xc6, 0x80, 0x20, 0x16,
    0x60, 0x80, 0x3e, 0x37, 0xc2, 0x0, 0xa8, 0x38,
    0x3, 0xf4, 0x18, 0x6, 0x63, 0x33, 0x80, 0x7f,
    0xf0, 0xbc, 0x48, 0x3, 0xff, 0x84, 0x7c, 0xa0,
    0x1f, 0xfc, 0x4c, 0xc8, 0x4, 0x3, 0xff, 0x80,
    0xc6, 0x44, 0x80, 0xe, 0xcf, 0x10, 0xd, 0x5f,
    0xed, 0x40, 0x0,

    /* U+7B80 "简" */
    0x0, 0x89, 0x0, 0x38, 0x50, 0x3, 0xfa, 0xec,
    0xe0, 0x19, 0xad, 0x80, 0x3e, 0x26, 0x8, 0xff,
    0x8e, 0x82, 0x7f, 0xf0, 0x80, 0x38, 0x10, 0x0,
    0x8b, 0x64, 0x64, 0x4, 0xaa, 0x10, 0xa3, 0x35,
    0xc0, 0x1d, 0x30, 0xef, 0x81, 0xd5, 0x0, 0x1e,
    0x5c, 0x6e, 0x5a, 0x1b, 0x62, 0x4c, 0xe2, 0x1,
    0x2e, 0xfe, 0x2f, 0xce, 0x7c, 0xe6, 0x15, 0x5a,
    0x80, 0x1b, 0x82, 0x90, 0xcf, 0xf8, 0x80, 0x29,
    0x49, 0x93, 0x7f, 0xfc, 0xe0, 0x18, 0x5a, 0xd9,
    0x9b, 0xff, 0xce, 0x1, 0xff, 0xc0, 0x18, 0x83,
    0x0, 0x7f, 0xf0, 0xc4, 0x60, 0xf, 0xfe, 0x10,
    0xcc, 0x9c, 0x3, 0xff, 0x84, 0x7f, 0xec, 0x0,
    0xff, 0xe1, 0x1f, 0xfb, 0x0, 0x3f, 0xf8, 0x37,
    0x11, 0xc8, 0x1, 0xff, 0x33, 0xbf, 0x5c, 0xa8,
    0x18, 0x7, 0xff, 0x9, 0x89, 0x14, 0x0, 0x3f,
    0x80, 0x1f, 0xa3, 0xfd, 0x60, 0x0,

    /* U+7EA2 "红" */
    0x0, 0xc2, 0x1, 0xff, 0xc4, 0x5e, 0x80, 0xf,
    0xfe, 0x1c, 0x87, 0x3, 0x5d, 0xfe, 0x80, 0x9,
    0xc, 0x98, 0x3d, 0x13, 0xf8, 0x2, 0x80, 0x81,
    0x4b, 0xbc, 0x0, 0x9b, 0xb7, 0x80, 0x18, 0xd5,
    0x57, 0x67, 0x44, 0x84, 0x15, 0x10, 0x60, 0x92,
    0x0, 0xb5, 0x15, 0x0, 0xff, 0xe0, 0xaa, 0x5,
    0x0, 0x7f, 0xc9, 0x16, 0x40, 0xe8, 0x1, 0xff,
    0xc0, 0x7d, 0x24, 0x80, 0xf, 0xfe, 0xc, 0xb0,
    0x15, 0x68, 0x80, 0x7f, 0x91, 0x80, 0xc, 0xa6,
    0x1, 0xff, 0x20, 0xac, 0x5f, 0x70, 0x40, 0x3f,
    0xee, 0xa7, 0x41, 0x20, 0xf, 0xfe, 0x1, 0xb4,
    0xe7, 0xe1, 0xa2, 0x42, 0xa, 0x89, 0x2, 0xe4,
    0xb1, 0x8a, 0x75, 0xdc, 0x0, 0x9b, 0xb8, 0x98,
    0x9a, 0x77, 0xa9, 0x15, 0x7f, 0x8c,

    /* U+7EB8 "纸" */
    0x0, 0xff, 0xe4, 0x97, 0x30, 0x7, 0x85, 0x22,
    0xc4, 0x3, 0x50, 0x88, 0x0, 0xd1, 0x7d, 0xcb,
    0x74, 0x80, 0x8, 0x5c, 0x5c, 0x6, 0x5d, 0xc,
    0x1, 0x3d, 0x20, 0x14, 0x84, 0x80, 0x63, 0xfd,
    0x30, 0x71, 0x0, 0x89, 0xc9, 0xdd, 0xca, 0xe,
    0x1, 0xfd, 0xc1, 0x4d, 0x0, 0xc0, 0x19, 0xc0,
    0xc0, 0x23, 0x30, 0x44, 0x85, 0x98, 0x39, 0x11,
    0xc1, 0x88, 0x80, 0x6d, 0x2a, 0xa, 0xa0, 0x1,
    0xee, 0x8c, 0x2f, 0x74, 0x41, 0x28, 0xa5, 0x40,
    0x10, 0xaa, 0x88, 0x11, 0x54, 0x60, 0x38, 0xb,
    0x16, 0xe0, 0xb5, 0x45, 0xf, 0xaa, 0x8, 0xbc,
    0x41, 0xdc, 0x86, 0x1, 0xbc, 0x8, 0x2, 0x13,
    0x15, 0x8c, 0xf4, 0x0, 0xc4, 0x2, 0x1, 0xbf,
    0xa9, 0xcc, 0x3, 0xce, 0x1c, 0xc, 0x0, 0x20,
    0x26, 0xad, 0x20, 0xc, 0x60, 0xa1, 0x30, 0x59,
    0xfb, 0x2a, 0x6e, 0xd, 0x5f, 0x28, 0x66, 0xe,
    0x33, 0x2, 0x46, 0x76, 0x1, 0x29, 0x6f, 0x6,
    0x2, 0x8e, 0x7d, 0xb9, 0x86, 0x83, 0x66, 0xaa,
    0xc0, 0xa6, 0x6, 0x1, 0xcb, 0xd2, 0x60, 0x15,
    0x7d, 0x0,

    /* U+7EC8 "终" */
    0x0, 0x84, 0x80, 0x39, 0x8, 0x3, 0xfa, 0x75,
    0xc0, 0x23, 0xbc, 0x0, 0xfe, 0x60, 0x50, 0xb,
    0xc0, 0xe6, 0x54, 0xe0, 0x19, 0x85, 0x48, 0x0,
    0xe6, 0x4, 0xcc, 0x58, 0x20, 0xa, 0x2, 0xcc,
    0x52, 0x0, 0xbb, 0xdc, 0x14, 0x80, 0x10, 0x30,
    0x3b, 0xd6, 0x8, 0x50, 0x6e, 0x36, 0x0, 0x57,
    0xe, 0xc1, 0x67, 0xab, 0x36, 0xc0, 0xa1, 0x0,
    0x8, 0x1, 0x8c, 0xa6, 0x14, 0x10, 0x0, 0x4a,
    0x1, 0x26, 0x71, 0x7, 0x0, 0xf, 0x1c, 0x8,
    0x9e, 0xc0, 0x11, 0xd9, 0x49, 0x8d, 0xe1, 0x9b,
    0x74, 0xa3, 0x3c, 0x61, 0x2a, 0x1b, 0xaa, 0x22,
    0x54, 0x40, 0xea, 0xcd, 0x4c, 0xcc, 0x0, 0x40,
    0x39, 0xd5, 0xd5, 0xcb, 0x6c, 0xb0, 0x36, 0xad,
    0xfd, 0x80, 0xa, 0x75, 0x52, 0x80, 0x34, 0xa9,
    0x1, 0xb0, 0x9d, 0xb1, 0xd6, 0x40, 0x4, 0x51,
    0x5b, 0xf9, 0x25, 0x49, 0x3d, 0x6e, 0x1, 0x9d,
    0xca, 0x46, 0xf4, 0x73, 0xf2, 0x69, 0x7a, 0xc0,
    0x4, 0x9d, 0xfc, 0x85, 0x0, 0x9b, 0x30, 0xa5,
    0xc0, 0x1, 0x62, 0x0, 0xfe, 0x3a, 0xd8, 0x0,
    0x0,

    /* U+7EE7 "继" */
    0x0, 0x84, 0x40, 0x1f, 0xfc, 0x4d, 0xe3, 0xc,
    0xf0, 0x20, 0x9f, 0x1, 0x0, 0xc6, 0x78, 0x2,
    0x4d, 0x10, 0xa, 0xb4, 0x2, 0x90, 0x80, 0xc,
    0x80, 0x80, 0x12, 0x50, 0x0, 0x94, 0xd1, 0x44,
    0x2, 0x4f, 0x0, 0x28, 0x30, 0x2, 0x43, 0xc6,
    0xb0, 0x2, 0xee, 0x0, 0x6, 0x4, 0x15, 0x9,
    0x28, 0x2c, 0x0, 0xdf, 0xce, 0x1d, 0xb4, 0x2e,
    0x5, 0x8, 0x6c, 0x0, 0xf5, 0x50, 0x82, 0xac,
    0x65, 0x58, 0x21, 0xc0, 0x14, 0xfc, 0x80, 0x17,
    0xfc, 0x40, 0xb4, 0x32, 0x40, 0x1d, 0x0, 0x5,
    0x70, 0x9, 0xd8, 0x7f, 0x20, 0x2, 0x81, 0x40,
    0x88, 0x20, 0x1c, 0x0, 0xb0, 0xe8, 0x1, 0x5d,
    0xc4, 0xe, 0x54, 0x6, 0x91, 0x7f, 0xaa, 0x0,
    0x12, 0x80, 0xb, 0xa4, 0x1, 0x6e, 0x82, 0x88,
    0x0, 0x27, 0x80, 0x63, 0x70, 0x17, 0xad, 0xeb,
    0xf0, 0x8, 0x83, 0xd8, 0x3, 0x14, 0x28, 0x35,
    0xd8, 0x1, 0xff, 0x4b, 0x7f, 0xca, 0x75, 0xdb,
    0x28, 0x8, 0x9f, 0xe1,

    /* U+7EED "续" */
    0x0, 0x96, 0xc8, 0x3, 0xbf, 0x40, 0x3f, 0x72,
    0x0, 0x6, 0xaa, 0x2, 0xaa, 0x80, 0x31, 0x22,
    0x8, 0xd, 0x56, 0x0, 0x2a, 0xc2, 0x1, 0x40,
    0x49, 0x81, 0x7f, 0xc0, 0x5f, 0xf0, 0x80, 0xd,
    0x58, 0xf2, 0xaf, 0xba, 0x2, 0xee, 0x7e, 0x0,
    0x38, 0x6, 0x83, 0x88, 0xb1, 0x98, 0x88, 0x1,
    0x29, 0x3, 0xa2, 0xa4, 0xf3, 0x6d, 0x37, 0x78,
    0x58, 0x2c, 0x58, 0x85, 0x80, 0x5, 0xba, 0x94,
    0x54, 0x14, 0x0, 0xf8, 0x34, 0x63, 0x5b, 0x14,
    0xa0, 0x2d, 0xe4, 0x0, 0x57, 0xb, 0xd4, 0xa4,
    0xa5, 0x30, 0x30, 0xc, 0x54, 0x0, 0x37, 0x6b,
    0x13, 0xb5, 0xa, 0xbb, 0x50, 0x12, 0x4f, 0x6c,
    0xa, 0x20, 0x90, 0x0, 0x89, 0x80, 0x16, 0xc5,
    0x1c, 0xbf, 0xf1, 0x85, 0x47, 0x7f, 0x0, 0xc6,
    0xe3, 0x91, 0x80, 0x28, 0xd0, 0x23, 0xcc, 0x0,
    0x4e, 0x4d, 0xb8, 0x88, 0xd5, 0x3a, 0x5c, 0xc,
    0x60, 0x3a, 0xf9, 0x20, 0x3b, 0x26, 0xc1, 0x3,
    0xc2, 0x92, 0x5, 0x0, 0xc7, 0x39, 0x20, 0x18,
    0xb2, 0xc8,

    /* U+7EEF "绯" */
    0x0, 0xff, 0xe4, 0xb7, 0x20, 0x5, 0x7e, 0x41,
    0xfc, 0x1, 0xeb, 0x17, 0x0, 0xff, 0xe1, 0x21,
    0x21, 0x80, 0x88, 0x3, 0xc2, 0x20, 0xa, 0x2,
    0x1, 0x3b, 0x88, 0x1, 0x87, 0xb8, 0xc0, 0xa6,
    0xc7, 0x64, 0xcc, 0x10, 0xe, 0x66, 0x29, 0xd0,
    0xd, 0xa7, 0x4c, 0x94, 0x3, 0xc, 0xc8, 0xd8,
    0x0, 0xe8, 0x35, 0x52, 0x80, 0x61, 0xaa, 0x12,
    0xdf, 0x98, 0x50, 0xaa, 0x84, 0x3, 0x95, 0x4c,
    0x9, 0x6, 0xc8, 0x7f, 0xe4, 0x0, 0xc3, 0xfe,
    0x40, 0x67, 0x3, 0xc0, 0xf, 0xfe, 0x2, 0x48,
    0x1, 0x49, 0xee, 0xca, 0x1, 0x86, 0xa8, 0xc8,
    0x88, 0xcf, 0xee, 0x22, 0x4, 0x3, 0x95, 0x58,
    0x16, 0xe6, 0x7, 0x3f, 0xe4, 0x0, 0xc3, 0xfe,
    0xa0, 0x47, 0xbf, 0xc3, 0x0, 0xff, 0x9a, 0xe1,
    0x1, 0x4, 0x3, 0xfe, 0x22, 0x35, 0xfd, 0x90,
    0x7, 0xfc, 0x9b, 0x28, 0x1, 0xff, 0xc2,

    /* U+7F16 "编" */
    0x0, 0x8c, 0x40, 0x3c, 0x86, 0x1, 0xf7, 0xf1,
    0x0, 0x64, 0xbe, 0x0, 0xf0, 0x99, 0x88, 0x16,
    0x21, 0x80, 0x53, 0x10, 0x30, 0x4, 0x84, 0x80,
    0x39, 0xde, 0x0, 0x33, 0xb9, 0x0, 0xc, 0x4b,
    0x2, 0x0, 0xef, 0xfd, 0x40, 0x13, 0x8c, 0xb3,
    0xc8, 0x2, 0x62, 0x37, 0x80, 0xe, 0x3, 0xe4,
    0x64, 0x0, 0xef, 0xca, 0x0, 0x10, 0x2, 0x4,
    0x8, 0x3, 0xbf, 0xfc, 0xe5, 0x56, 0x6, 0xc0,
    0x14, 0x4c, 0xf9, 0x81, 0x60, 0x38, 0x0, 0xe0,
    0xcd, 0xf6, 0x84, 0x99, 0x77, 0x80, 0x80, 0x34,
    0x6c, 0x68, 0xc0, 0xd8, 0x8, 0x58, 0x8, 0x3,
    0xf8, 0xda, 0xbb, 0x6c, 0x80, 0x83, 0x46, 0xc6,
    0x8c, 0x1, 0x2a, 0xab, 0xd4, 0x7, 0x6, 0x5,
    0x5, 0x10, 0x17, 0xdb, 0x44, 0x68, 0x60, 0x58,
    0xf0, 0xf9, 0x2, 0xc1, 0x2e, 0x5a, 0xa, 0x80,
    0x7e, 0x56, 0xda, 0x35, 0x9, 0x0, 0x8c, 0x8,
    0x82, 0x3, 0x24, 0x0, 0x59, 0x60, 0xb, 0x53,
    0xc, 0xb4,

    /* U+7F6E "置" */
    0x1, 0xff, 0xff, 0xe1, 0x8, 0x6, 0x2b, 0xb0,
    0x15, 0xd8, 0x45, 0x76, 0x20, 0xf, 0xa, 0x20,
    0x0, 0x88, 0x0, 0x22, 0x4, 0x3, 0xc7, 0xfe,
    0x2, 0xff, 0x8, 0xbf, 0xc6, 0x1, 0x86, 0xab,
    0xa0, 0x6, 0xab, 0xc2, 0x0, 0xc8, 0x8e, 0x90,
    0x18, 0x8f, 0x30, 0x2, 0xd5, 0x7c, 0x8, 0xab,
    0xe2, 0x0, 0x3c, 0x9, 0x9c, 0xc0, 0xc6, 0x78,
    0x61, 0x0, 0x33, 0xa1, 0x99, 0x5d, 0x4c, 0xe4,
    0x40, 0x7, 0xe7, 0x7f, 0xc0, 0x1f, 0xed, 0xdf,
    0xb0, 0x3, 0xfd, 0xbb, 0xf6, 0x0, 0x7f, 0xbb,
    0xbe, 0xd0, 0xf, 0xf7, 0x77, 0xda, 0x1, 0xe1,
    0x10, 0x3, 0xbb, 0xec, 0x0, 0x8, 0x80, 0x1d,
    0xc1, 0xe, 0xef, 0xb0, 0xb, 0xb8, 0x41, 0x77,
    0xff, 0xc4, 0x20,

    /* U+7FFB "翻" */
    0x0, 0xc4, 0x8c, 0xe0, 0x1f, 0xed, 0xff, 0x6d,
    0xcc, 0x37, 0xfd, 0x79, 0xfe, 0xe0, 0x53, 0x80,
    0x3a, 0x35, 0x66, 0x0, 0x11, 0x44, 0x41, 0xa6,
    0xc2, 0xe6, 0x62, 0x99, 0x10, 0x45, 0x20, 0x1,
    0x41, 0x40, 0x1a, 0x82, 0x80, 0x12, 0x10, 0x1,
    0x3c, 0x2c, 0x51, 0x2b, 0xb2, 0x80, 0x3e, 0xc0,
    0xd, 0x10, 0x0, 0x92, 0x3d, 0x3c, 0x1, 0x8e,
    0x0, 0x27, 0xe0, 0x9, 0x39, 0x31, 0x4c, 0x10,
    0x5c, 0x6, 0x99, 0xc5, 0x21, 0xa1, 0x68, 0x0,
    0x74, 0xc0, 0xab, 0x40, 0x1, 0xe6, 0x44, 0x82,
    0x0, 0x46, 0x4, 0x21, 0xb5, 0xb, 0xd4, 0x1c,
    0x0, 0xb4, 0x80, 0xc, 0x8e, 0x8a, 0xe9, 0x98,
    0x31, 0xc, 0x32, 0x0, 0x8f, 0xc9, 0x3c, 0x8,
    0x9a, 0x60, 0xd6, 0xe0, 0x11, 0xe1, 0x2e, 0x1,
    0xf1, 0x80, 0x29, 0x0, 0x31, 0xf1, 0x37, 0x0,
    0x4, 0x3, 0xf8, 0xf0, 0x9f, 0x0, 0x3f, 0xf8,
    0x2, 0xea, 0x8e, 0x0, 0x5a, 0x21, 0x5a, 0x41,
    0x0, 0x15, 0x56, 0x0, 0x32, 0x1c, 0xba, 0x9c,
    0x0,

    /* U+81F4 "致" */
    0x0, 0xff, 0xe8, 0x2f, 0x30, 0x7, 0x27, 0xff,
    0xdc, 0x1a, 0x26, 0x1, 0xce, 0x66, 0x0, 0x19,
    0xca, 0x8, 0xe, 0x1, 0xc7, 0x94, 0xb, 0x99,
    0x58, 0x18, 0x90, 0x7, 0xd6, 0x12, 0x78, 0x60,
    0x80, 0x3f, 0xfc, 0x20, 0xa4, 0x86, 0x27, 0xe1,
    0xc0, 0x45, 0x0, 0x8, 0x6, 0xc1, 0xef, 0x80,
    0xd9, 0x42, 0x37, 0x40, 0x3a, 0x22, 0x0, 0x1a,
    0x9, 0x84, 0x80, 0x30, 0xc, 0x14, 0x2, 0xdd,
    0x73, 0xd6, 0x58, 0x4, 0x80, 0xa0, 0x60, 0x11,
    0x90, 0x3d, 0x2, 0x43, 0x29, 0x13, 0x43, 0x0,
    0x2b, 0xcd, 0x2, 0xcc, 0x7c, 0xf8, 0x42, 0xa,
    0x0, 0x4a, 0x66, 0x0, 0x19, 0x88, 0x14, 0x14,
    0x1c, 0x3, 0x77, 0xf0, 0x17, 0xfa, 0x80, 0xe,
    0x0, 0xb0, 0xf, 0xf1, 0xa8, 0x1, 0x0, 0xe,
    0x1, 0xa, 0xbd, 0x81, 0x7e, 0x50, 0xd9, 0x88,
    0x52, 0x80, 0x12, 0xa1, 0x40, 0x4, 0xa3, 0xe8,
    0x38, 0xe1, 0x52, 0x2e, 0xb1, 0x5b, 0xfb, 0x4e,
    0x27, 0xe5, 0x10, 0x5, 0x12, 0xa7, 0x52, 0x0,
    0xa6, 0x58, 0x20, 0x7, 0xce, 0x0,

    /* U+8272 "色" */
    0x0, 0xf1, 0x0, 0x7f, 0xf1, 0x1b, 0x60, 0x3,
    0xff, 0x84, 0x72, 0xb, 0x99, 0xa4, 0x3, 0xf1,
    0x68, 0x0, 0x8c, 0xf3, 0x90, 0x7, 0x8f, 0x5,
    0xff, 0xeb, 0x0, 0x69, 0x0, 0x73, 0xe0, 0x8b,
    0xdd, 0xd1, 0x60, 0x88, 0x77, 0x30, 0x0, 0xe0,
    0x0, 0x31, 0x13, 0x80, 0x12, 0x22, 0xb0, 0x1,
    0xb3, 0x81, 0xd5, 0x42, 0x13, 0x54, 0x90, 0xe,
    0x9b, 0x6, 0x55, 0x8c, 0x1d, 0x54, 0xe0, 0x1f,
    0xfc, 0xe5, 0xff, 0x88, 0x3b, 0xfd, 0xc0, 0x1f,
    0xc4, 0x5f, 0xc0, 0x1f, 0x97, 0x77, 0xfa, 0x2c,
    0x3, 0xff, 0x88, 0xe5, 0x66, 0x1, 0xff, 0xc3,
    0x24, 0xb0, 0x0, 0x83, 0x0, 0x7f, 0xb4, 0x34,
    0x0, 0x42, 0x7d, 0x99, 0xfb, 0x90, 0x54, 0x2,
    0xd4, 0x3, 0x3f, 0xc2, 0x7a, 0x0,

    /* U+83DC "菜" */
    0x0, 0xef, 0xf0, 0x6, 0xff, 0x8, 0x7, 0x7f,
    0xe0, 0x7, 0xfe, 0x0, 0x77, 0xfc, 0x0, 0x55,
    0xc0, 0x5, 0x5c, 0x0, 0x55, 0xc0, 0xa, 0xac,
    0x65, 0x55, 0x59, 0x81, 0x1d, 0x50, 0x0, 0x73,
    0x54, 0x71, 0xde, 0xfe, 0x30, 0x76, 0xa0, 0x8,
    0x59, 0x54, 0x84, 0x4, 0x8a, 0xf3, 0x73, 0x40,
    0x11, 0x63, 0x6f, 0xf5, 0x97, 0xd4, 0x30, 0x4e,
    0x80, 0x67, 0x6e, 0x0, 0x28, 0xc0, 0x5, 0x1,
    0x0, 0x19, 0x10, 0x68, 0x6, 0x4c, 0x0, 0x63,
    0x65, 0x0, 0xe9, 0xc4, 0x0, 0x12, 0x80, 0x1a,
    0xa4, 0x3, 0x7f, 0xb7, 0x3f, 0xe0, 0x7, 0xfd,
    0x5f, 0xf0, 0x1, 0xc, 0xf0, 0x7, 0x9, 0x9f,
    0x0, 0x2f, 0x31, 0xac, 0x1, 0x84, 0x57, 0x99,
    0x80, 0x33, 0xfa, 0x8e, 0x0, 0x34, 0x63, 0x58,
    0x2, 0x2a, 0xf8, 0x15, 0xf3, 0x0, 0x1f, 0xa1,
    0x4f, 0xd1, 0x11, 0xc0, 0xaa, 0x82, 0x1, 0x86,
    0xe8, 0x80, 0x48, 0x3a, 0xb5, 0x40, 0x3f, 0x2e,
    0xdc, 0x80,

    /* U+84DD "蓝" */
    0xf, 0xff, 0xfe, 0x20, 0x82, 0xac, 0x80, 0x4a,
    0xb8, 0x41, 0x15, 0x61, 0xa, 0xaa, 0x5a, 0x2a,
    0xb4, 0xad, 0x56, 0x0, 0xe2, 0xb6, 0x0, 0x98,
    0xe8, 0x40, 0x3d, 0x14, 0x13, 0x84, 0x3, 0x34,
    0x1, 0xf9, 0x14, 0x3, 0x98, 0x7, 0xff, 0x30,
    0x7, 0xfa, 0x41, 0x54, 0x8c, 0xc5, 0x0, 0xfe,
    0x91, 0x5b, 0x46, 0x99, 0x18, 0x7, 0xe1, 0x50,
    0x81, 0x82, 0x90, 0xe, 0x45, 0x0, 0x87, 0x34,
    0x81, 0x8d, 0x40, 0x3a, 0x75, 0xf2, 0x15, 0xd5,
    0xde, 0x5b, 0x30, 0xc, 0xb1, 0x1f, 0xe6, 0x84,
    0x0, 0xf4, 0x79, 0x8f, 0xf8, 0x17, 0xe0, 0x3,
    0xff, 0x8a, 0x20, 0x18, 0x63, 0x83, 0x20, 0x86,
    0x20, 0xf, 0x1a, 0x19, 0x4, 0x47, 0x50, 0x47,
    0x10, 0x77, 0x1, 0x3a, 0x2, 0x3b, 0x0, 0x7f,
    0xf1, 0x80,

    /* U+8981 "要" */
    0xd, 0xff, 0xff, 0xe1, 0x68, 0x7, 0xff, 0x23,
    0x7b, 0xad, 0x3, 0xee, 0x0, 0xf7, 0x6d, 0x0,
    0xa2, 0x2b, 0x2, 0x88, 0x0, 0xc4, 0x61, 0x0,
    0x99, 0xb0, 0xb, 0x30, 0x0, 0xcd, 0x88, 0x3,
    0x1f, 0xf0, 0x1f, 0xf8, 0xb, 0xfc, 0x60, 0x1e,
    0x28, 0x90, 0x28, 0x80, 0x1c, 0x40, 0x80, 0x3c,
    0x2e, 0xe0, 0x17, 0x70, 0xb, 0xb8, 0x40, 0x3b,
    0xff, 0x28, 0x47, 0xff, 0xc6, 0x3, 0x55, 0xca,
    0x19, 0x55, 0xf8, 0x4d, 0x57, 0x80, 0x8, 0xab,
    0xf8, 0xcb, 0xfe, 0x60, 0x4f, 0xfb, 0x8c, 0x23,
    0xfe, 0x20, 0x9, 0x98, 0xd, 0x2a, 0x54, 0x66,
    0x70, 0xf, 0x96, 0x58, 0x1a, 0xb5, 0x2, 0x84,
    0x3, 0x88, 0xd8, 0x40, 0x40, 0x2, 0x20, 0x9e,
    0xb6, 0x10, 0x5, 0xe5, 0x43, 0x12, 0xd7, 0x73,
    0x1c, 0x92, 0x48, 0x1, 0x71, 0x59, 0xdc, 0xa5,
    0x0, 0x1c, 0x6e, 0x60, 0xc0,

    /* U+8B66 "警" */
    0x0, 0xff, 0x8c, 0x40, 0x38, 0x7f, 0xff, 0x40,
    0xe4, 0x0, 0x70, 0xec, 0xc, 0xea, 0xbe, 0xcc,
    0x3, 0x7f, 0xe2, 0x2, 0x90, 0xea, 0x20, 0x44,
    0x30, 0x4c, 0x80, 0xe8, 0x82, 0x45, 0xc4, 0x67,
    0x8a, 0x20, 0xfe, 0x8, 0x50, 0x46, 0x6, 0x77,
    0x50, 0xae, 0x62, 0x19, 0xd5, 0x0, 0x9, 0x81,
    0x5a, 0x20, 0x24, 0x65, 0x80, 0x4, 0x61, 0x0,
    0x18, 0x5f, 0xf, 0x7, 0xae, 0x2c, 0xd9, 0xcf,
    0x10, 0x2, 0xff, 0x7e, 0xa2, 0xfa, 0xb9, 0x93,
    0x6e, 0x88, 0x36, 0xfb, 0xfa, 0x20, 0x49, 0x5f,
    0xfa, 0xec, 0x0, 0xeb, 0x98, 0x8f, 0xf4, 0xde,
    0x80, 0xd, 0x3b, 0x33, 0xfd, 0xe8, 0x60, 0x1c,
    0xef, 0xfe, 0x0, 0xfb, 0x2a, 0xbf, 0xd8, 0x1,
    0xea, 0x99, 0xff, 0x50, 0x80, 0x78, 0x7f, 0xff,
    0x10, 0x7, 0xe1, 0xff, 0xfc, 0x40, 0x1f, 0x87,
    0xff, 0xf1, 0x0, 0x7d, 0xdc, 0x0, 0xfd, 0xbe,
    0x20, 0x0,

    /* U+8BA4 "认" */
    0x0, 0xc, 0x88, 0x7, 0xbf, 0x80, 0x3e, 0x76,
    0xf3, 0x0, 0xc2, 0x1, 0xfc, 0xd2, 0x38, 0x40,
    0x1c, 0x60, 0x1f, 0x9a, 0x9c, 0x80, 0x3f, 0xf8,
    0x6b, 0x0, 0x18, 0xc0, 0x40, 0x38, 0xf7, 0x72,
    0x80, 0x61, 0x1, 0x0, 0xe7, 0x22, 0xc6, 0x1,
    0x9c, 0x8, 0x3, 0x93, 0xfd, 0x0, 0x1e, 0x20,
    0x1, 0x0, 0x7f, 0xf0, 0xbc, 0x0, 0x80, 0x1f,
    0xfc, 0x24, 0x0, 0x68, 0x7, 0xff, 0x4, 0x88,
    0x26, 0x84, 0x1, 0xfc, 0xea, 0x14, 0xd, 0x41,
    0x60, 0x1f, 0xa6, 0x30, 0x9c, 0x29, 0x85, 0x8c,
    0x3, 0xb4, 0x0, 0xd1, 0xc0, 0xc4, 0x10, 0x1c,
    0x20, 0x11, 0xa8, 0x54, 0x69, 0x94, 0x80, 0x19,
    0xb, 0x8, 0x0, 0x6b, 0xaa, 0x0, 0x2f, 0x0,
    0xd4, 0x60, 0x60, 0x15, 0x10, 0xe, 0xe1, 0x0,
    0x61, 0xcf, 0x10,

    /* U+8BB0 "记" */
    0x0, 0x1d, 0x0, 0x7f, 0xf1, 0x25, 0x74, 0x41,
    0xff, 0xff, 0x10, 0x5, 0x48, 0x58, 0x23, 0xf8,
    0x3, 0xeb, 0x41, 0x13, 0x77, 0x78, 0xc0, 0x3e,
    0xac, 0x0, 0xff, 0xe0, 0xc, 0xcd, 0x6, 0x1,
    0xff, 0xc0, 0x26, 0x6c, 0xa0, 0x10, 0x80, 0x7e,
    0x2a, 0xa2, 0x80, 0x43, 0xfd, 0xff, 0x8c, 0x2,
    0x15, 0x51, 0x0, 0x78, 0xcf, 0x0, 0x7f, 0xf0,
    0x47, 0x33, 0x3a, 0x18, 0x7, 0xff, 0xe, 0x2c,
    0x40, 0x3f, 0xf9, 0x83, 0x46, 0x1, 0xf4, 0x38,
    0x80, 0x74, 0x2a, 0x80, 0x3e, 0x28, 0x20, 0x8,
    0x80, 0xa, 0xc0, 0x20, 0x1c, 0xe0, 0x40, 0x2,
    0x50, 0x9a, 0x11, 0x7, 0x6e, 0xdc, 0x44, 0x10,
    0x1, 0x2e, 0x30, 0x2, 0x88, 0x48, 0xa1, 0x2e,
    0x0, 0xd4, 0x60, 0x12, 0x6f, 0xff, 0x69, 0x80,

    /* U+8BBE "设" */
    0x0, 0x84, 0x3, 0xff, 0x89, 0x7e, 0x60, 0x13,
    0xff, 0xf6, 0x80, 0x76, 0xe, 0x18, 0x6, 0x23,
    0x30, 0x7, 0xcf, 0x1, 0xc0, 0x1a, 0x33, 0x0,
    0x1f, 0x9d, 0xbc, 0x1, 0xa0, 0xc0, 0x1f, 0xf4,
    0x90, 0x1a, 0x81, 0x80, 0x7c, 0x75, 0x4c, 0x80,
    0x5d, 0x7, 0x0, 0x88, 0x9d, 0xe4, 0xca, 0xa3,
    0x40, 0xd1, 0x58, 0x0, 0xa5, 0x54, 0x80, 0x95,
    0x40, 0xa, 0x22, 0x22, 0xcd, 0x35, 0x64, 0x2a,
    0x80, 0x11, 0x46, 0xef, 0xb3, 0x8c, 0x3, 0xe3,
    0x30, 0x1a, 0xac, 0x80, 0x26, 0x1, 0xf0, 0xf0,
    0x2, 0xaa, 0x20, 0x60, 0xf, 0xca, 0x4c, 0x72,
    0xa, 0xc3, 0x0, 0x1e, 0x1d, 0xb0, 0x93, 0x6b,
    0xa0, 0xd0, 0xe, 0x30, 0x22, 0x48, 0x3, 0xc1,
    0x1, 0xcc, 0x3, 0xac, 0x1, 0x6c, 0xcb, 0xc0,
    0x10, 0x7c, 0x62, 0x0, 0x84, 0x5a, 0x9f, 0x28,
    0x53, 0xd4, 0x47, 0x3a, 0x40, 0x8, 0xc2, 0xb,
    0x7c, 0xd6, 0x5, 0xdb, 0x69, 0x20,

    /* U+8BE5 "该" */
    0x0, 0xff, 0xe4, 0x42, 0x80, 0x79, 0xbe, 0x40,
    0x3c, 0x4f, 0x46, 0x1, 0xc8, 0xc, 0x1, 0xe2,
    0xa0, 0xd1, 0xaf, 0xfb, 0x40, 0x1f, 0xf7, 0x0,
    0x4a, 0xa3, 0x31, 0x19, 0x88, 0x0, 0x67, 0x94,
    0x3, 0x5e, 0x94, 0x66, 0x1c, 0x1b, 0x31, 0xb9,
    0x60, 0x93, 0x2b, 0xa0, 0x9, 0x54, 0x52, 0xf,
    0xd0, 0x0, 0x36, 0x62, 0xa8, 0x6, 0x28, 0x1a,
    0x6a, 0x2, 0x80, 0xd, 0x98, 0x20, 0x9, 0xc0,
    0x8, 0xca, 0x12, 0x40, 0x1, 0x33, 0x0, 0x43,
    0x57, 0xb4, 0x0, 0x84, 0x93, 0x0, 0xfc, 0xa9,
    0x54, 0x9, 0x7e, 0x68, 0x0, 0xfc, 0xdc, 0xe3,
    0x6d, 0x46, 0x54, 0x1, 0xf3, 0x48, 0xb7, 0xad,
    0xa8, 0xf8, 0x80, 0x7a, 0x2a, 0x76, 0x57, 0x10,
    0x34, 0x80, 0x3e, 0x71, 0x60, 0xab, 0x21, 0xd,
    0x30, 0xc, 0x84, 0xb, 0x15, 0xaa, 0x33, 0xce,
    0x38, 0x80, 0x11, 0x4, 0xdd, 0x94, 0x1f, 0xd8,
    0x22, 0x43, 0x40, 0x26, 0xc6, 0x1a, 0x9f, 0x81,
    0x0, 0x9b, 0x64, 0x0,

    /* U+8BEF "误" */
    0x0, 0x10, 0x80, 0x7f, 0xf0, 0xcb, 0x30, 0x20,
    0x8, 0xff, 0xfc, 0x80, 0x2, 0x42, 0xc1, 0x0,
    0x8d, 0x57, 0x10, 0x7, 0x52, 0x13, 0x0, 0x51,
    0x55, 0x90, 0x3, 0xd6, 0xce, 0x1, 0x11, 0x9f,
    0x0, 0x7d, 0x20, 0x1a, 0x73, 0x32, 0x80, 0x49,
    0xbb, 0x58, 0x3, 0x91, 0x3f, 0x38, 0x9, 0x14,
    0xa0, 0x6, 0xbb, 0xfc, 0x60, 0xbf, 0xe0, 0xd,
    0xdf, 0xff, 0xac, 0x3, 0xf2, 0x24, 0x60, 0x28,
    0x91, 0x80, 0x7e, 0xab, 0xb7, 0x82, 0x5d, 0xd0,
    0x1, 0xf4, 0x66, 0x5c, 0x9, 0x99, 0x88, 0x3,
    0xc4, 0x67, 0x10, 0x9, 0x9e, 0x0, 0xf5, 0x6f,
    0xfb, 0x80, 0x28, 0xff, 0x88, 0x0, 0x20, 0x2b,
    0xa0, 0x3a, 0xc, 0x50, 0xc0, 0x1d, 0x0, 0x8,
    0x83, 0xf9, 0x9a, 0x7c, 0x66, 0xd0, 0x2, 0xb1,
    0xc7, 0x88, 0xb, 0x60, 0x16, 0x1a, 0x50, 0x80,
    0xb, 0xcc, 0x2a, 0x3a, 0x40, 0x22, 0xcb, 0xa1,

    /* U+8BF4 "说" */
    0x0, 0xfc, 0x22, 0x0, 0x88, 0x80, 0x1d, 0x74,
    0x1, 0x1f, 0x68, 0x5, 0x1a, 0xe0, 0x10, 0xba,
    0xd8, 0x0, 0xd0, 0xd4, 0x5, 0x41, 0x80, 0x21,
    0xd2, 0x49, 0x0, 0x40, 0x78, 0x30, 0x30, 0x80,
    0x61, 0xf2, 0xa1, 0xde, 0x7, 0xd8, 0x4, 0xc0,
    0xe, 0x2d, 0x30, 0x22, 0x9, 0x98, 0x44, 0x46,
    0x0, 0x4d, 0xd7, 0x68, 0x4, 0x7d, 0xdc, 0x1,
    0xc4, 0x41, 0x20, 0xf, 0xfe, 0xa, 0x7f, 0x80,
    0x38, 0x55, 0x78, 0x3, 0xff, 0x80, 0x55, 0x5c,
    0x1, 0xfe, 0x19, 0x80, 0x19, 0x0, 0x4c, 0x80,
    0x3f, 0x99, 0x41, 0x58, 0x41, 0x98, 0x1, 0xf0,
    0xe0, 0xb8, 0x10, 0x7, 0xff, 0x3, 0xcd, 0xb0,
    0x3c, 0x3, 0xff, 0x80, 0x28, 0xae, 0xe, 0x1,
    0x92, 0xc8, 0x1, 0x20, 0x7, 0xb9, 0x16, 0x10,
    0xc, 0x28, 0xe0, 0x5, 0x9, 0xcd, 0x42, 0x80,
    0x1, 0x86, 0x58, 0x38, 0x3, 0xed, 0x94, 0xd7,
    0x4, 0x1, 0x60, 0x62, 0xa4, 0x0, 0x34, 0x1,
    0xfa, 0x10, 0x9, 0xbf, 0xea, 0x0,

    /* U+8BFB "读" */
    0x0, 0x39, 0x80, 0x79, 0x3e, 0x80, 0x3c, 0x51,
    0x8c, 0x0, 0x9a, 0xa4, 0x2, 0x55, 0x44, 0x0,
    0x2c, 0x19, 0x70, 0x45, 0x51, 0x80, 0xaa, 0xc2,
    0x1, 0x1e, 0x1a, 0x86, 0xff, 0xac, 0x17, 0xfe,
    0x30, 0xc, 0x58, 0x4f, 0xdd, 0x58, 0x2f, 0x73,
    0xf0, 0x17, 0x75, 0xd2, 0x2, 0x45, 0x19, 0xc4,
    0x40, 0x70, 0x32, 0x20, 0x90, 0x36, 0x35, 0x62,
    0x36, 0x40, 0x60, 0x37, 0xf0, 0x6, 0x4d, 0x9d,
    0x65, 0x1, 0x13, 0x0, 0x7c, 0x97, 0xb9, 0x46,
    0x0, 0x5e, 0x10, 0xf, 0x92, 0xd3, 0xdc, 0xc0,
    0x3f, 0xf8, 0x15, 0xe6, 0x36, 0x21, 0x77, 0x80,
    0x3c, 0x68, 0x82, 0x22, 0x0, 0x11, 0x30, 0x80,
    0x65, 0xc8, 0xff, 0x68, 0x3, 0x1f, 0xbf, 0xc2,
    0x1, 0x84, 0x44, 0x7, 0x80, 0xea, 0xfe, 0x80,
    0x19, 0x80, 0x71, 0x63, 0x5, 0xa1, 0xac, 0x2d,
    0xc0, 0x2e, 0x2f, 0x2c, 0x71, 0x99, 0x0, 0x13,
    0xa, 0xc, 0x1, 0x38, 0x21, 0xcf, 0xec, 0x1,
    0x8b, 0x28, 0xc0,

    /* U+8C03 "调" */
    0x0, 0x10, 0x7, 0xff, 0xc, 0xb2, 0xc0, 0x2f,
    0xff, 0xeb, 0x2, 0x22, 0x58, 0x4, 0x28, 0x9e,
    0x0, 0xda, 0x49, 0x0, 0x4, 0xbb, 0x64, 0x5d,
    0x80, 0x30, 0xf9, 0x50, 0x4, 0x27, 0x16, 0x40,
    0x1e, 0x2d, 0x20, 0xa, 0xf0, 0x1f, 0x48, 0x0,
    0x75, 0x4c, 0x80, 0xd, 0x16, 0xd, 0x84, 0x0,
    0x65, 0x51, 0xa0, 0x7, 0x38, 0x8, 0xc0, 0x7,
    0x98, 0x0, 0xf6, 0xe0, 0x3e, 0xc8, 0x0, 0x99,
    0x80, 0x1e, 0xcc, 0xe9, 0x0, 0xfc, 0x20, 0x71,
    0x99, 0x80, 0x3f, 0x8c, 0x5, 0xce, 0x58, 0x3,
    0xf9, 0x90, 0x38, 0x19, 0x98, 0x1, 0xf8, 0xe6,
    0x0, 0x81, 0x7e, 0x80, 0x3c, 0x60, 0x1, 0x30,
    0x50, 0x39, 0x98, 0x40, 0x35, 0x0, 0xd1, 0x18,
    0xf7, 0x19, 0xa0, 0xe, 0x51, 0xcd, 0xa, 0x2,
    0x20, 0x2, 0xec, 0x2, 0x0, 0xfd, 0x2a, 0x46,
    0x0, 0xf2, 0x14, 0x80, 0x8, 0xc0, 0xec, 0x3,
    0xd7, 0xfa, 0x60,

    /* U+8D25 "败" */
    0x0, 0xff, 0xa1, 0x0, 0x3d, 0x3f, 0xfe, 0x80,
    0x17, 0xd0, 0xf, 0xc8, 0x98, 0x2, 0x40, 0xc0,
    0xf, 0xd7, 0x75, 0x0, 0x58, 0x8, 0x1, 0xfc,
    0xc8, 0x1, 0x9c, 0x33, 0x77, 0x8, 0x6, 0x9f,
    0x0, 0x8c, 0x40, 0xcc, 0x44, 0x30, 0xf, 0xf4,
    0x87, 0x74, 0x83, 0xc2, 0x1, 0xf8, 0xd4, 0x8,
    0x0, 0xa4, 0x1, 0xff, 0xc1, 0xa0, 0x11, 0x28,
    0x7, 0xc2, 0x0, 0x3d, 0x37, 0x4, 0xc, 0x0,
    0xf8, 0xc0, 0x22, 0x91, 0x7e, 0x5, 0x0, 0xe3,
    0x1, 0x0, 0xca, 0x50, 0x8a, 0x1, 0xa7, 0x90,
    0x31, 0xfe, 0x0, 0x10, 0x0, 0x80, 0xf, 0x48,
    0x94, 0xb8, 0x4, 0x40, 0xb, 0x0, 0xea, 0x1b,
    0x64, 0x83, 0x8, 0x81, 0x99, 0xac, 0x40, 0xb5,
    0x19, 0x42, 0x42, 0x71, 0xcf, 0x74, 0x69, 0xc4,
    0x44, 0x99, 0x0, 0xb, 0x2a, 0x8f, 0x82, 0x2c,
    0x88, 0x10,

    /* U+8D28 "质" */
    0x0, 0xff, 0xe6, 0x9, 0x23, 0x3c, 0xe7, 0x70,
    0x80, 0x36, 0x7f, 0xdd, 0xb7, 0x30, 0xc6, 0x21,
    0x60, 0x18, 0x41, 0x15, 0x9e, 0xc, 0xd3, 0xdf,
    0xd2, 0x1, 0xea, 0xa4, 0xc3, 0xb8, 0xc8, 0x40,
    0x3f, 0xaa, 0xb9, 0x43, 0xea, 0xb8, 0x3, 0x91,
    0x57, 0x8, 0x22, 0xaf, 0x0, 0x76, 0xf7, 0x60,
    0x7, 0x77, 0x80, 0x38, 0x91, 0xde, 0x0, 0x3b,
    0xf0, 0x80, 0x7a, 0xe6, 0x60, 0x4, 0xce, 0x80,
    0xc, 0x60, 0x1a, 0x6a, 0xba, 0x0, 0x3c, 0x22,
    0x0, 0x9d, 0x76, 0x89, 0x54, 0x1, 0xc2, 0x4,
    0x1, 0xff, 0xc3, 0x50, 0x50, 0xe, 0x30, 0x20,
    0xf, 0xb0, 0x3c, 0x8, 0x44, 0x88, 0x4, 0x0,
    0xf9, 0x41, 0x3, 0x39, 0xec, 0x22, 0xba, 0xbb,
    0x80, 0x4, 0x22, 0x92, 0x7a, 0x6, 0x9f, 0x89,
    0xfa, 0x88, 0x0, 0x56, 0x10, 0xc0, 0xfe, 0xa0,
    0xb9, 0x84, 0x58, 0x4, 0xd6, 0xd, 0xbe, 0x81,
    0x0, 0xc7, 0x79, 0x40,

    /* U+8D85 "超" */
    0x0, 0x87, 0xec, 0x0, 0x5f, 0xff, 0x48, 0x0,
    0x44, 0x60, 0xe2, 0x30, 0x7, 0xfb, 0x7b, 0x40,
    0xfb, 0x8b, 0x70, 0xb, 0x6e, 0x2, 0x0, 0xb6,
    0x50, 0x16, 0x62, 0xa7, 0x87, 0x26, 0x87, 0x80,
    0x1e, 0x6c, 0x16, 0x64, 0x62, 0xe4, 0x81, 0xa0,
    0x40, 0x37, 0x6a, 0x5, 0xbb, 0x4e, 0x4, 0xb6,
    0xb8, 0x38, 0x1a, 0x24, 0x2, 0x89, 0x1c, 0xa2,
    0x1d, 0x68, 0x80, 0xbf, 0xe3, 0xf, 0xf6, 0xcf,
    0xcd, 0x99, 0xb0, 0x80, 0x11, 0xe4, 0x1, 0xd8,
    0xcd, 0xe1, 0x0, 0x8, 0x6, 0xff, 0x38, 0x3,
    0xbf, 0xc8, 0x1, 0xfc, 0x88, 0x20, 0xf, 0xf1,
    0x82, 0x80, 0x2e, 0xca, 0x0, 0x98, 0x83, 0x0,
    0x66, 0x8, 0x10, 0xf, 0x3b, 0xc4, 0x1, 0x88,
    0x40, 0x80, 0x40, 0x17, 0xff, 0xe3, 0x3, 0x17,
    0xa0, 0x7, 0x73, 0x73, 0x3e, 0xd1, 0x50, 0xd5,
    0xd7, 0x30, 0x23, 0x3f, 0x84, 0x4d, 0x68, 0x5,
    0x19, 0xdf, 0xff, 0xb0, 0x0,

    /* U+8DEF "路" */
    0x0, 0xff, 0x24, 0x10, 0x7, 0xa3, 0xff, 0xb0,
    0x1, 0xce, 0x20, 0x1f, 0x91, 0x54, 0x1, 0xa,
    0x85, 0x4d, 0xc8, 0x7, 0x45, 0x50, 0x2, 0x90,
    0x3, 0x31, 0x1c, 0x3, 0xfc, 0x6e, 0x15, 0xee,
    0xc, 0x1, 0xd3, 0x30, 0xf, 0x0, 0x20, 0x58,
    0x24, 0x3, 0x95, 0x98, 0x0, 0x75, 0xa2, 0xf1,
    0x71, 0x0, 0xa3, 0xb8, 0x61, 0xd9, 0x54, 0x52,
    0x11, 0x40, 0x6, 0x47, 0x10, 0x11, 0x80, 0xe,
    0x40, 0x34, 0x1, 0xba, 0x40, 0x3, 0xe, 0x37,
    0x3, 0x64, 0xbc, 0xc0, 0x1f, 0x3c, 0x72, 0x1e,
    0x26, 0x20, 0xc0, 0x80, 0x7a, 0xec, 0xc0, 0x7b,
    0xfc, 0x81, 0x62, 0x1, 0xc2, 0x88, 0x92, 0x6,
    0x68, 0x41, 0x0, 0x3c, 0x26, 0xe2, 0x3, 0x33,
    0x10, 0x7, 0xa4, 0xc3, 0x20, 0x80, 0x3f, 0x95,
    0x40, 0xc0, 0x6f, 0x46, 0x3, 0x77, 0x18, 0x4,
    0xe9, 0x17, 0xf9, 0xa, 0x1, 0x22, 0x40, 0x18,
    0xad, 0xd0, 0x3, 0xc3, 0xff, 0x18, 0x7, 0xff,
    0x3, 0x78, 0x2, 0xcf, 0x10,

    /* U+8F91 "辑" */
    0x0, 0x95, 0x40, 0x1f, 0xfc, 0x4b, 0xa0, 0xa,
    0xff, 0xfe, 0x20, 0x28, 0x80, 0x8a, 0x20, 0x60,
    0x8, 0x99, 0x88, 0x2, 0x67, 0x70, 0xb, 0xb9,
    0x0, 0xc, 0xdc, 0x1, 0x33, 0x8, 0x15, 0x98,
    0x60, 0xe, 0xff, 0x90, 0x2, 0x29, 0x1, 0x9d,
    0x94, 0x8a, 0xaf, 0x88, 0x0, 0x44, 0x6f, 0xb0,
    0x59, 0xff, 0xfa, 0x84, 0x28, 0x28, 0x2, 0x25,
    0x5f, 0xe3, 0x17, 0xb, 0x20, 0x95, 0x60, 0xbe,
    0xe8, 0x83, 0xc8, 0x48, 0x18, 0x41, 0x84, 0x1,
    0x7d, 0xd1, 0x0, 0x6c, 0xff, 0x18, 0x79, 0x80,
    0x22, 0xee, 0x20, 0xc, 0x20, 0x1f, 0xbc, 0x8a,
    0x30, 0xc, 0x4a, 0xe4, 0x1f, 0x0, 0x7, 0x99,
    0x84, 0x2, 0x5d, 0xa8, 0x10, 0x3d, 0x0, 0x67,
    0xfc, 0x60, 0x20, 0xe4, 0xd2, 0x41, 0x80, 0xa1,
    0x15, 0x9a, 0x61, 0xca, 0x5b, 0x2c, 0x20, 0xe,
    0x30, 0x45, 0x33, 0x0, 0x19, 0x80, 0x1f, 0x45,
    0x66, 0xf7, 0xf1, 0x84, 0x98, 0x7, 0xc6, 0xa6,
    0x42, 0x1, 0xfe, 0xcf, 0x0, 0xfd, 0x9e, 0x0,

    /* U+8F93 "输" */
    0x0, 0xff, 0xe4, 0x97, 0xc0, 0x7, 0xa7, 0x8c,
    0x3, 0xe7, 0xf, 0x0, 0xe8, 0x61, 0x90, 0xe,
    0x1f, 0xa0, 0x8f, 0xd0, 0x1b, 0x74, 0x75, 0xd3,
    0x0, 0xca, 0x20, 0xaa, 0x47, 0xf4, 0x6b, 0x8a,
    0x2c, 0xb4, 0x1, 0xa3, 0x34, 0xde, 0x40, 0x82,
    0x6e, 0xa0, 0x41, 0x38, 0x0, 0x24, 0x99, 0xb,
    0x7a, 0xc8, 0x99, 0xdd, 0xb4, 0x0, 0x70, 0xb0,
    0xc, 0xbd, 0xd5, 0xcc, 0xaa, 0x4c, 0x1, 0x41,
    0x0, 0x91, 0xd1, 0x19, 0xf7, 0x5, 0x1c, 0x0,
    0x40, 0x80, 0x48, 0x0, 0xce, 0x0, 0xfe, 0xce,
    0xd0, 0x6c, 0x0, 0x67, 0x0, 0x7f, 0x10, 0x98,
    0x1a, 0x0, 0x1a, 0x0, 0x3f, 0x96, 0x34, 0x16,
    0x40, 0x3f, 0xf8, 0x34, 0xe6, 0x7, 0x20, 0x6,
    0x80, 0xf, 0xe9, 0xbe, 0x5, 0x40, 0x6, 0x70,
    0x2, 0xac, 0x3, 0x99, 0x0, 0x3f, 0xce, 0xe0,
    0xf, 0xfe, 0xb, 0xc0, 0x1, 0x2b, 0xc1, 0xc0,
    0x3f, 0xce, 0x86, 0x8c, 0xe0, 0xe6, 0x0,

    /* U+8FD4 "返" */
    0x0, 0xff, 0xe3, 0x8c, 0x88, 0x4, 0x24, 0x44,
    0x57, 0xac, 0xe3, 0x0, 0x4b, 0x60, 0x80, 0xf6,
    0xea, 0xea, 0x14, 0xc2, 0x80, 0x10, 0x85, 0xa0,
    0x19, 0x9e, 0x6b, 0x3f, 0xa4, 0x2, 0xa2, 0x50,
    0x8, 0xa6, 0x19, 0x4c, 0x3, 0xc3, 0xb2, 0x1,
    0x17, 0x77, 0xb5, 0x0, 0x3f, 0xc4, 0x5c, 0x24,
    0xe0, 0x39, 0x95, 0x1, 0x81, 0xef, 0xe6, 0x34,
    0x4, 0xc0, 0xcf, 0x38, 0x8, 0x3e, 0xe3, 0x5,
    0x84, 0x80, 0xb, 0xf8, 0x2, 0x50, 0x3f, 0x19,
    0xc5, 0x27, 0x0, 0xfd, 0x81, 0xa7, 0xe4, 0x61,
    0x0, 0x1f, 0x85, 0x41, 0x2, 0x48, 0x1, 0x4,
    0x1, 0xf4, 0x2, 0xbe, 0xb8, 0x52, 0x96, 0x18,
    0x4, 0x60, 0xd, 0x38, 0x12, 0x5e, 0x5a, 0x60,
    0xc, 0x58, 0x4, 0x4c, 0x27, 0xda, 0x10, 0x4,
    0xf9, 0x80, 0x3c, 0x6d, 0xa6, 0x8c, 0x8, 0x3,
    0x96, 0xd5, 0x44, 0xa9, 0x30, 0xb9, 0xfb, 0x98,
    0xdd, 0x7d, 0xa3, 0xa9, 0xc0, 0x1, 0xf1, 0x88,
    0x86, 0x62, 0x20, 0x0, 0x48, 0x34, 0x80, 0x23,
    0x9d, 0xff, 0x77, 0xfe, 0xe0,

    /* U+8FDE "连" */
    0x0, 0x8, 0x7, 0x94, 0x40, 0x3f, 0x1f, 0xc8,
    0x6, 0x2a, 0xe0, 0xf, 0xc4, 0xc, 0xa1, 0x32,
    0xe0, 0x19, 0x9e, 0x80, 0x0, 0xd8, 0x51, 0xb3,
    0xc, 0x5, 0x9b, 0x94, 0x2, 0x55, 0x21, 0xfd,
    0x81, 0xff, 0xfb, 0x40, 0x35, 0xd8, 0x1, 0xe1,
    0x1, 0xbc, 0x1, 0xf8, 0x40, 0xc, 0x86, 0x80,
    0x42, 0x1, 0xc7, 0xff, 0x60, 0x60, 0x1f, 0xf8,
    0x1, 0xff, 0x18, 0xa, 0x18, 0x5, 0xe4, 0x58,
    0x0, 0x45, 0x8, 0x15, 0xe8, 0x4, 0xbb, 0xb8,
    0x1, 0xbb, 0x10, 0x7, 0x8f, 0x33, 0x80, 0x19,
    0x98, 0x3, 0xcc, 0x67, 0xc0, 0x3, 0x3c, 0x1,
    0xe5, 0xee, 0xe0, 0x7, 0x76, 0x0, 0xf8, 0x47,
    0x80, 0x2, 0x38, 0x0, 0x38, 0x6, 0x80, 0x1c,
    0x64, 0x1, 0xec, 0x25, 0x2b, 0x92, 0x0, 0xb3,
    0x40, 0x5, 0xe, 0xe2, 0x3a, 0xc4, 0x6d, 0xfe,
    0xdd, 0xbb, 0xf5, 0xcd, 0xcb, 0xc0, 0x6e, 0x90,
    0x4, 0x8a, 0x10, 0x0, 0xa8, 0x61, 0x80, 0x4b,
    0x7f, 0xee, 0xeb, 0xfe, 0xe1,

    /* U+9009 "选" */
    0x1, 0x60, 0xc, 0x2e, 0x63, 0xfa, 0x1, 0xed,
    0x9a, 0x0, 0x9a, 0x2c, 0x3, 0xfb, 0x85, 0x6c,
    0x1, 0x40, 0xfc, 0x5, 0xff, 0x50, 0x0, 0xb0,
    0x2, 0x72, 0x22, 0x20, 0x0, 0x89, 0x68, 0x4,
    0x5b, 0x61, 0x21, 0xf7, 0x40, 0x57, 0x73, 0x80,
    0x62, 0x0, 0x7d, 0x10, 0x7, 0xf8, 0x47, 0x7,
    0xdf, 0x73, 0xc0, 0xbb, 0xb1, 0x97, 0x75, 0xa0,
    0x67, 0x8, 0x88, 0x4, 0xc, 0xc0, 0x68, 0x80,
    0xb, 0x75, 0xe0, 0x5a, 0x81, 0xbb, 0x18, 0xdd,
    0x0, 0x72, 0x82, 0x0, 0x7f, 0xf0, 0x86, 0x42,
    0x80, 0x3b, 0xc, 0x3, 0xc9, 0xe2, 0x86, 0x1,
    0x32, 0x1b, 0x0, 0x71, 0xd8, 0xa5, 0x80, 0x8,
    0x2a, 0xc1, 0x0, 0xa, 0x7, 0x73, 0x56, 0x1,
    0x43, 0xb3, 0x28, 0x41, 0xec, 0xd, 0xf5, 0x80,
    0x30, 0xc4, 0xc9, 0x44, 0xa0, 0x27, 0x29, 0x33,
    0xb2, 0xed, 0x98, 0xde, 0xf2, 0x23, 0x34, 0xb,
    0xac, 0x66, 0x44, 0x19, 0x88, 0x44, 0x61, 0x32,
    0x0, 0x8a, 0x77, 0xfb, 0x9f, 0xfb, 0x80,

    /* U+914D "配" */
    0x2, 0x2f, 0xc0, 0x1f, 0xc5, 0xbb, 0xf8, 0x7f,
    0xfd, 0xc0, 0x6e, 0xe2, 0x32, 0x23, 0xb8, 0x8,
    0xb8, 0x2, 0x18, 0x83, 0x23, 0x3c, 0x40, 0x77,
    0x78, 0x3, 0x1a, 0x39, 0x38, 0xa1, 0x0, 0x7f,
    0xbe, 0xcd, 0x4d, 0x2e, 0x0, 0x3f, 0xe3, 0x55,
    0xc, 0x88, 0x7, 0xff, 0x1, 0xf3, 0x41, 0xc0,
    0x2e, 0xfe, 0xe8, 0x3, 0xc2, 0x20, 0xe, 0x10,
    0x11, 0x80, 0x3d, 0xaa, 0x64, 0x1, 0x87, 0xba,
    0x0, 0xe7, 0x71, 0xa7, 0x8, 0x6, 0x11, 0xbb,
    0xc0, 0x27, 0xc0, 0x9d, 0x10, 0xf, 0x84, 0x40,
    0x12, 0x77, 0xfc, 0x20, 0x1f, 0x8, 0x6, 0x29,
    0x9c, 0x1, 0xf8, 0xb9, 0x40, 0xc, 0xdc, 0x20,
    0x1f, 0x38, 0x90, 0x1, 0x3f, 0xf0, 0x80, 0x7c,
    0x60, 0x40, 0x2, 0x88, 0xc0, 0x10, 0x8b, 0x73,
    0x10, 0x8, 0x0, 0x67, 0x7c, 0x66, 0xb, 0x12,
    0x33, 0x4, 0x8, 0x6d, 0x0, 0x6c, 0x90, 0x5e,
    0xff, 0xce, 0x0,

    /* U+91CF "量" */
    0x0, 0xbb, 0xff, 0xfd, 0xa0, 0x1f, 0xbf, 0xfe,
    0xd0, 0xf, 0xf7, 0xff, 0xda, 0x1, 0xfe, 0xcc,
    0xfa, 0xc0, 0x3f, 0x10, 0xee, 0xfd, 0x42, 0x20,
    0xc, 0xcc, 0xa8, 0x8f, 0xf5, 0x33, 0x4, 0xa6,
    0x7f, 0xf8, 0x86, 0x5f, 0xd3, 0x3f, 0xfc, 0xe,
    0xf2, 0x0, 0x14, 0xde, 0x65, 0x32, 0xcc, 0xae,
    0x54, 0x3, 0xc6, 0x1, 0xff, 0xc5, 0x5f, 0xf8,
    0x1, 0xff, 0x30, 0x7, 0xe4, 0xaa, 0x80, 0x15,
    0x52, 0x0, 0x78, 0x6e, 0xf8, 0x1, 0x77, 0xcc,
    0x1, 0xae, 0xfc, 0x0, 0xbb, 0xe8, 0x0, 0x86,
    0xf3, 0x38, 0x1, 0x99, 0xd0, 0x20, 0x7d, 0xb9,
    0x9c, 0x0, 0xcc, 0xed, 0xe4, 0x0, 0xff, 0xe3,
    0x0,

    /* U+9519 "错" */
    0x0, 0x16, 0xa8, 0x6, 0xaf, 0x10, 0xbf, 0x0,
    0xeb, 0x21, 0x0, 0xff, 0xe1, 0x1b, 0x5, 0xff,
    0xa3, 0x94, 0x3f, 0x90, 0x3b, 0x40, 0x78, 0xc,
    0xf7, 0x90, 0x81, 0x90, 0x0, 0x98, 0x10, 0x9b,
    0x33, 0x3e, 0x20, 0x66, 0x10, 0x32, 0xc1, 0x54,
    0xfb, 0xb8, 0xd0, 0x41, 0x10, 0xe0, 0x88, 0x10,
    0xb3, 0x22, 0x18, 0x45, 0xa0, 0x55, 0x98, 0x5d,
    0x90, 0x7, 0x50, 0x3f, 0x7a, 0x23, 0xf9, 0xc2,
    0x69, 0x42, 0xe9, 0x82, 0xef, 0xe4, 0x20, 0x65,
    0x10, 0x55, 0x36, 0x98, 0x6, 0x23, 0x70, 0x7,
    0x6a, 0x6, 0x6a, 0x80, 0x37, 0x32, 0x60, 0xc,
    0x24, 0x0, 0x22, 0x0, 0x57, 0x33, 0x28, 0x7,
    0xf1, 0x80, 0x4a, 0xcd, 0x10, 0x7, 0xed, 0xc2,
    0x0, 0x77, 0xfc, 0xe0, 0x1c, 0x48, 0x6, 0x86,
    0x0, 0xb9, 0x99, 0x40, 0x39, 0x80, 0x6a, 0xc4,
    0x0, 0xac, 0xd1, 0x0, 0x72, 0x2f, 0xa8, 0x6,
    0xef, 0xf9, 0xc0, 0x3d, 0x42, 0x1, 0x57, 0x8,
    0x5, 0x1e, 0x80,

    /* U+952E "键" */
    0x0, 0xa, 0x0, 0x7f, 0xf1, 0x1a, 0xdc, 0xa7,
    0xfd, 0xcb, 0x39, 0xf3, 0x23, 0x0, 0xa8, 0x23,
    0x4c, 0xc2, 0x32, 0x90, 0x2b, 0x28, 0x1, 0x48,
    0x2, 0x9c, 0x24, 0x46, 0x48, 0x60, 0x80, 0x56,
    0x19, 0xba, 0x32, 0x3d, 0x67, 0xc0, 0x71, 0xd3,
    0x30, 0xb1, 0x19, 0x82, 0x81, 0xae, 0x10, 0x20,
    0x11, 0x4d, 0xdb, 0xba, 0x46, 0x50, 0xdf, 0x80,
    0xf1, 0x96, 0xa, 0x50, 0x36, 0x81, 0x5f, 0x5f,
    0x80, 0xf1, 0x0, 0x8a, 0xc2, 0xe6, 0x9d, 0x1,
    0x29, 0x42, 0xa8, 0x80, 0x5, 0x70, 0xd5, 0x78,
    0xc1, 0x32, 0x10, 0xd2, 0x40, 0x5, 0x48, 0x2d,
    0x5c, 0xf1, 0x3c, 0x20, 0x3c, 0x50, 0x2, 0xa4,
    0x16, 0x89, 0x95, 0x93, 0x9c, 0x37, 0xb4, 0x0,
    0xae, 0x1a, 0xb2, 0x7, 0xba, 0xe7, 0xd, 0xee,
    0x10, 0x7, 0x31, 0xa0, 0x24, 0x52, 0x84, 0xd5,
    0x8, 0x3, 0x54, 0xa0, 0x85, 0xa2, 0xe8, 0x32,
    0xa8, 0x2, 0x20, 0x27, 0x45, 0x17, 0xa1, 0x6d,
    0x0, 0xf4, 0x4, 0x4f, 0x8f, 0xba, 0xf6, 0xdc,
    0x44, 0x80, 0xc, 0x87, 0x52, 0xa1, 0x8c, 0x61,
    0x67, 0x78, 0x2, 0x77, 0x2, 0x6a, 0x0, 0xe,
    0x77, 0xff, 0x20,

    /* U+957F "长" */
    0x0, 0xdd, 0xe2, 0x1, 0xe8, 0x40, 0xf, 0xfe,
    0x1d, 0xbd, 0x98, 0x7, 0xff, 0x1, 0x39, 0x7,
    0xc, 0x3, 0xfc, 0x77, 0x61, 0x3f, 0x30, 0xf,
    0xf4, 0x62, 0x4, 0x60, 0x80, 0x7f, 0xd0, 0x6d,
    0xce, 0x1, 0xf1, 0x14, 0x20, 0xa5, 0xd6, 0x64,
    0x5e, 0x2, 0xdd, 0x80, 0x17, 0xbb, 0xfe, 0x3,
    0x3c, 0x0, 0x33, 0x10, 0x9, 0x9f, 0x80, 0x73,
    0x21, 0xd, 0xcf, 0x0, 0x66, 0x78, 0x3, 0xf8,
    0x94, 0x64, 0x3, 0xff, 0x87, 0x60, 0xcc, 0x0,
    0xff, 0xe1, 0xd, 0x4, 0xc0, 0x7, 0xf9, 0x1e,
    0xb9, 0xe0, 0x1f, 0x54, 0x3, 0x90, 0x42, 0xa1,
    0x44, 0x4f, 0x42, 0x55, 0xc4, 0x1, 0x18, 0x0,
    0xde, 0xfc, 0xc1, 0x7d, 0x81, 0x88, 0x2, 0x69,
    0xec, 0x84, 0x0, 0xc3, 0x3f, 0x0,

    /* U+95ED "闭" */
    0x7, 0x40, 0xf, 0xfe, 0xa, 0xc5, 0xa0, 0x67,
    0xff, 0xf5, 0xa9, 0x85, 0x92, 0x99, 0xfc, 0x40,
    0x17, 0x0, 0x9c, 0xe6, 0x7d, 0xe0, 0x11, 0x4e,
    0x88, 0x6, 0x77, 0x0, 0x73, 0xc3, 0x18, 0x6,
    0x18, 0x90, 0xe, 0xa7, 0x11, 0x11, 0x70, 0x0,
    0x88, 0x1, 0xeb, 0xdd, 0xd8, 0x3, 0xba, 0x60,
    0xe, 0xd4, 0x48, 0x80, 0x24, 0x43, 0x80, 0x73,
    0xdd, 0xa8, 0x2, 0x1b, 0xb0, 0x80, 0x7c, 0x58,
    0x48, 0x1, 0xff, 0x2e, 0x12, 0xd0, 0x7, 0xf1,
    0x5d, 0xb, 0xd0, 0x7, 0xf8, 0x58, 0x6e, 0x0,
    0x3f, 0xe3, 0xce, 0x48, 0xcc, 0x1, 0x80, 0x7e,
    0x10, 0x6, 0x99, 0x12, 0x0, 0x3f, 0xe5, 0xff,
    0x6a, 0x8d, 0xf0, 0x8, 0x7, 0xfc, 0x2c, 0x66,
    0x90,

    /* U+9664 "除" */
    0x0, 0xff, 0x3c, 0x88, 0x6, 0xcf, 0xfc, 0xc0,
    0x11, 0x43, 0x0, 0x7c, 0x84, 0x2, 0x0, 0x1f,
    0x0, 0x68, 0x7, 0xad, 0x41, 0x0, 0x70, 0xa1,
    0xcf, 0x4, 0x3, 0x90, 0x4c, 0xb0, 0x99, 0xe1,
    0x4f, 0xd0, 0x3, 0x1b, 0xb6, 0x93, 0x48, 0x2,
    0x94, 0x6d, 0x40, 0xa, 0x1a, 0xa0, 0x25, 0x77,
    0x84, 0xcc, 0xa0, 0x6, 0xc, 0x3e, 0x54, 0x4f,
    0x5e, 0x0, 0x46, 0xae, 0x22, 0xbf, 0xf1, 0x87,
    0xf9, 0xc0, 0x3b, 0xc1, 0xd5, 0x70, 0x82, 0xae,
    0x10, 0x9, 0x83, 0x6a, 0xb1, 0x5, 0x56, 0x20,
    0x0, 0xa0, 0x1c, 0x46, 0x10, 0x78, 0x88, 0x80,
    0x17, 0x1, 0x4f, 0xa2, 0xe4, 0x13, 0xc0, 0xe2,
    0x0, 0xe8, 0xc2, 0x65, 0xf0, 0xc, 0x90, 0x60,
    0x12, 0x39, 0x8c, 0x4, 0x0, 0x43, 0xc1, 0xc0,
    0x1e, 0xa1, 0x91, 0x0, 0xc6, 0xc4, 0xc0, 0x1d,
    0xca, 0xd5, 0x66, 0x1, 0x43, 0x38, 0x7, 0x2d,
    0x1, 0xa0, 0xc0, 0x0, 0x64, 0x73, 0xc0, 0x3d,
    0x3f, 0xce, 0x1, 0xc0,

    /* U+9700 "需" */
    0xa, 0xff, 0xff, 0xe0, 0x50, 0x3, 0x51, 0x38,
    0x0, 0x89, 0xda, 0x8, 0x5d, 0xdc, 0x0, 0xee,
    0xe2, 0x49, 0xaa, 0xf0, 0x2, 0xab, 0xd2, 0x3,
    0xb5, 0x57, 0x0, 0xed, 0x55, 0xa2, 0x1, 0x3c,
    0x44, 0xa0, 0x7, 0x88, 0x9c, 0x1, 0xf8, 0xd3,
    0x32, 0x80, 0x12, 0x66, 0x6c, 0xf2, 0x24, 0x55,
    0x4a, 0x26, 0x95, 0x54, 0x11, 0x22, 0x6, 0xcd,
    0x63, 0x2e, 0xb3, 0x47, 0x10, 0x77, 0xff, 0xe2,
    0x7f, 0xfa, 0xc1, 0x7f, 0xf7, 0x7f, 0x82, 0x7f,
    0xf5, 0x82, 0xff, 0xee, 0xf0, 0xc, 0xd0, 0x40,
    0xf0, 0x21, 0x10, 0x10, 0xe, 0xa7, 0x60, 0x87,
    0x30, 0x77, 0x18, 0x7, 0xff, 0x44, 0x9c, 0xc0,
    0x3f, 0xf8, 0x27, 0x2, 0xa0, 0x9, 0xe3, 0xb,
    0xf0, 0x6, 0xf8, 0xf7, 0xd0, 0x0,

    /* U+9752 "青" */
    0xe, 0xff, 0xff, 0xe0, 0x80, 0x22, 0x39, 0xc0,
    0x11, 0x1e, 0x0, 0x38, 0x7, 0xff, 0x1, 0x80,
    0x5, 0x11, 0x9c, 0x1, 0x11, 0xc4, 0x0, 0x3d,
    0xdd, 0x80, 0x3b, 0xbc, 0x61, 0x76, 0x99, 0xd0,
    0x3, 0x33, 0xd7, 0x40, 0x1f, 0x22, 0x0, 0x3c,
    0x37, 0x6f, 0xee, 0xfd, 0xbd, 0x37, 0x60, 0x4,
    0xd5, 0x7e, 0x9a, 0x70, 0xf, 0x67, 0x77, 0x94,
    0x3, 0xf6, 0x77, 0x79, 0x40, 0x3f, 0x4d, 0x57,
    0x90, 0x3, 0xff, 0x99, 0x35, 0x5e, 0x40, 0xf,
    0xdd, 0xff, 0xe6, 0x0, 0xff, 0xe0, 0xc4, 0xa0,
    0x7, 0xff, 0x4, 0x5c, 0xd5, 0x40, 0x0,

    /* U+9762 "面" */
    0x1f, 0xff, 0xfe, 0x20, 0x91, 0x78, 0x40, 0x4,
    0x5f, 0x6, 0xef, 0x9c, 0x1b, 0x77, 0xe0, 0xf,
    0x94, 0x34, 0x3, 0xf1, 0x66, 0x71, 0x84, 0x66,
    0x78, 0x40, 0x4c, 0xf8, 0x0, 0x67, 0xf8, 0x2,
    0x5f, 0x70, 0xbf, 0xf2, 0x7, 0x79, 0x0, 0x7f,
    0x6b, 0xb9, 0x80, 0x40, 0x3f, 0xe6, 0x88, 0x10,
    0x7, 0xff, 0x6, 0xff, 0xc8, 0x1, 0xff, 0xd2,
    0xbf, 0xf2, 0x0, 0x7f, 0xf0, 0x5a, 0x20, 0x40,
    0x1f, 0xfc, 0x1a, 0x77, 0x30, 0x7, 0xf2, 0xfb,
    0x86, 0x7f, 0x90, 0x3f, 0xc4, 0x1, 0xc2, 0x67,
    0xfe, 0x0, 0xf2, 0x66, 0x7f, 0x88, 0x0,

    /* U+9875 "页" */
    0xc, 0xff, 0xff, 0xe1, 0x70, 0x1, 0x4c, 0xf8,
    0x80, 0x6, 0x7e, 0x50, 0x4, 0xe6, 0x72, 0x83,
    0xe6, 0x7a, 0xc0, 0x3f, 0x20, 0x50, 0x7, 0xf8,
    0xb3, 0x31, 0x87, 0x66, 0x72, 0x80, 0x61, 0x33,
    0xc0, 0x3, 0x3f, 0x10, 0x7, 0x8f, 0xfe, 0xdd,
    0x7f, 0xcc, 0x1, 0xff, 0xc0, 0xdd, 0x8, 0x7,
    0xff, 0xa4, 0x40, 0x3f, 0xf8, 0x48, 0x2, 0x1,
    0xfe, 0x16, 0xb0, 0x19, 0x6, 0xbc, 0x5c, 0x73,
    0x0, 0xc5, 0x2e, 0xde, 0x47, 0x24, 0x75, 0x1c,
    0x80, 0x11, 0x2d, 0x7c, 0x8b, 0x60, 0xcf, 0x31,
    0x4e, 0xa0, 0x3, 0xa9, 0x45, 0xf6, 0x40, 0x21,
    0x9d, 0x42, 0xf0, 0x7, 0x46, 0x74, 0x10, 0x7,
    0x8a, 0xea, 0x80,

    /* U+9879 "项" */
    0x0, 0xfb, 0xff, 0xfc, 0xc0, 0x89, 0xc6, 0x89,
    0x18, 0x0, 0xd1, 0x22, 0x3b, 0xbe, 0x8b, 0xba,
    0x80, 0xb2, 0xee, 0x41, 0x33, 0x0, 0xc, 0xc0,
    0x16, 0x85, 0x80, 0x71, 0x66, 0x81, 0x64, 0x3f,
    0xf9, 0x2, 0x7f, 0xe6, 0x0, 0xff, 0x1a, 0xae,
    0x20, 0xf, 0xfe, 0x5, 0x50, 0xca, 0x90, 0x3,
    0xff, 0x84, 0xcc, 0x0, 0xff, 0xf0, 0x96, 0x70,
    0x7, 0xfc, 0x75, 0xe0, 0x3, 0x50, 0x8, 0xc0,
    0x80, 0x39, 0xd4, 0x52, 0x7a, 0xd2, 0x12, 0x81,
    0xa, 0xa5, 0x1, 0x67, 0xad, 0x84, 0xd, 0xd5,
    0x87, 0x37, 0xd4, 0x80, 0x58, 0x40, 0x32, 0x64,
    0xe, 0xa3, 0x9e, 0x38, 0x7, 0x87, 0xac, 0xd7,
    0xcc, 0x23, 0x6, 0x14, 0x3, 0x86, 0x1f, 0x68,
    0x40, 0x23, 0xf8, 0x50,

    /* U+987A "顺" */
    0x0, 0xff, 0xe3, 0xcf, 0x80, 0x55, 0xeb, 0xff,
    0xf9, 0x40, 0x32, 0x8, 0x1, 0x95, 0x48, 0x0,
    0x55, 0x98, 0x2, 0x1b, 0x70, 0x1, 0xd5, 0x3c,
    0x16, 0xaa, 0x30, 0xf, 0xeb, 0xca, 0x7, 0xcc,
    0x50, 0x7, 0xf9, 0x4c, 0x40, 0x8c, 0xce, 0x1,
    0xff, 0x17, 0xfe, 0x0, 0xff, 0xe1, 0xe5, 0x0,
    0x7f, 0xf1, 0xd, 0x80, 0x3e, 0x10, 0xf, 0xfe,
    0x19, 0x80, 0x7f, 0xf1, 0x44, 0x3, 0xfe, 0x70,
    0xe, 0x71, 0x0, 0xfc, 0x80, 0x40, 0x1c, 0x44,
    0x0, 0xf5, 0x4f, 0x3, 0x32, 0xf8, 0x4, 0x4a,
    0x1, 0xe4, 0x35, 0x33, 0x4e, 0x98, 0x20, 0x78,
    0x7b, 0x0, 0xa, 0xa0, 0xb7, 0x15, 0xa8, 0x18,
    0x9c, 0x2, 0xc5, 0xa5, 0x56, 0x8, 0x52, 0xb0,
    0x9e, 0x88, 0x4, 0xd5, 0x1b, 0x42, 0x1, 0x56,
    0x8,

    /* U+9898 "题" */
    0x1, 0xff, 0xf2, 0x77, 0xff, 0xce, 0x1, 0x1d,
    0x51, 0x40, 0x12, 0xee, 0x10, 0x77, 0x8c, 0x2,
    0x76, 0x60, 0x4, 0xf1, 0x22, 0x71, 0x12, 0x0,
    0x49, 0x98, 0x50, 0x1, 0xc5, 0x80, 0x22, 0xc,
    0x1, 0x97, 0xfc, 0xe0, 0x6, 0x74, 0x12, 0x67,
    0xd0, 0xc, 0xbf, 0xe7, 0x0, 0xdb, 0xdd, 0x8,
    0x4, 0x35, 0x5e, 0x50, 0x9, 0x64, 0x3, 0x9c,
    0x8b, 0xcc, 0x60, 0xc, 0x60, 0xc, 0x31, 0x1f,
    0x80, 0x23, 0x10, 0xc, 0x3f, 0x7a, 0xa1, 0xff,
    0x18, 0x1, 0x8c, 0x3, 0xd7, 0x60, 0x3, 0xb9,
    0x40, 0xe, 0x6e, 0x6, 0x20, 0x18, 0x40, 0x11,
    0xf, 0x5f, 0x30, 0x7, 0x72, 0x80, 0x4, 0x6,
    0x0, 0xff, 0x50, 0x2c, 0xf, 0x8e, 0x20, 0x1,
    0x81, 0x10, 0x1, 0x26, 0x50, 0x52, 0xd8, 0x5a,
    0x6, 0x2, 0x8, 0x4, 0xc6, 0x9a, 0x80, 0x96,
    0x4a, 0xc, 0x56, 0xa1, 0xf9, 0xa, 0x75, 0x10,
    0x9d, 0x75, 0x30, 0xa0, 0xab, 0x60, 0x45, 0x77,
    0xcc, 0xc5, 0x63, 0xf7, 0x0, 0x24, 0xe7, 0x7f,
    0xfe, 0x20,

    /* U+9A8C "验" */
    0x0, 0xff, 0x96, 0x88, 0x3, 0xf, 0xff, 0x58,
    0x6, 0xb5, 0x10, 0xc, 0x2a, 0xb8, 0x4, 0x2,
    0x81, 0xf, 0x0, 0xea, 0xac, 0x6, 0x0, 0x57,
    0x24, 0x3a, 0x0, 0xc9, 0x44, 0x0, 0x10, 0x4a,
    0xf, 0xb3, 0x5b, 0x0, 0x89, 0x44, 0x41, 0xeb,
    0x61, 0x44, 0x1a, 0x49, 0x84, 0x2, 0x2, 0x41,
    0xd4, 0x9, 0xd7, 0x6a, 0x12, 0x34, 0xf, 0x3,
    0x70, 0xc7, 0xbc, 0x44, 0xc7, 0x8c, 0xc0, 0x10,
    0x12, 0x6, 0x84, 0x7f, 0xfe, 0x19, 0x0, 0x10,
    0x6c, 0x6, 0xba, 0x48, 0x37, 0x88, 0x4d, 0x0,
    0x9, 0x1d, 0x10, 0x3e, 0x4c, 0x64, 0xa, 0xc,
    0xe0, 0x9, 0xba, 0xa4, 0x7, 0xa0, 0x22, 0x81,
    0xa0, 0x50, 0x0, 0x9a, 0x75, 0x40, 0x48, 0x70,
    0x43, 0xb8, 0xc, 0xf, 0xb2, 0xee, 0x10, 0x30,
    0x73, 0xb, 0xa5, 0x41, 0x5, 0x9d, 0xea, 0x0,
    0x30, 0x4c, 0x2, 0x28, 0x78, 0x0, 0x98, 0x80,
    0x1c, 0x0, 0xff, 0xe9, 0xb, 0xf2, 0x0, 0x14,
    0x41, 0x88, 0x88, 0x9f, 0xc6, 0x0, 0x27, 0x70,
    0xc8, 0xdd, 0xff, 0x8,

    /* U+9EC4 "黄" */
    0x0, 0xea, 0xf4, 0x0, 0xbf, 0xc4, 0x1, 0xe9,
    0xbb, 0x20, 0x4d, 0xdc, 0x0, 0xeb, 0xa0, 0xc,
    0xa8, 0x81, 0x2, 0x44, 0x80, 0x6, 0x8e, 0x1,
    0xb3, 0xfc, 0xa1, 0x7f, 0xf0, 0x3, 0x7f, 0x40,
    0x2d, 0xdc, 0xa1, 0x5b, 0xb0, 0x3, 0xf7, 0x62,
    0x3, 0x3c, 0x22, 0x2, 0x21, 0x88, 0x8c, 0xf0,
    0x3, 0xb9, 0xff, 0xc0, 0xc, 0xff, 0xee, 0x20,
    0x0, 0xf7, 0x70, 0x3, 0x7b, 0xb6, 0x80, 0x78,
    0xae, 0xe0, 0x5, 0xdd, 0x40, 0x1f, 0xc2, 0x30,
    0x0, 0x84, 0x44, 0x1, 0xf8, 0xae, 0xe0, 0x4,
    0x5d, 0xa4, 0x3, 0xf1, 0xf7, 0x42, 0x1f, 0xdc,
    0xc0, 0xf, 0xc7, 0xff, 0x8, 0x77, 0xfb, 0x40,
    0x3c, 0x35, 0x46, 0x2a, 0xac, 0x66, 0x9a, 0x80,
    0xc, 0x27, 0x2c, 0x5a, 0xaa, 0x41, 0x39, 0xf0,
    0xd, 0x5d, 0x26, 0xd9, 0x0, 0x1, 0xdc, 0x65,
    0xba, 0x0, 0x5b, 0x57, 0xc9, 0x80, 0x71, 0xcf,
    0x45, 0x80,

    /* U+9ED1 "黑" */
    0x0, 0x17, 0xff, 0xff, 0x3, 0x0, 0x3f, 0xf9,
    0x89, 0x51, 0xe4, 0x19, 0x86, 0xb0, 0xf, 0xf4,
    0x8, 0x5, 0x2e, 0xe0, 0xf, 0xe5, 0x4, 0x0,
    0x3a, 0xc0, 0x80, 0x7e, 0x68, 0x6d, 0x20, 0xe4,
    0xf8, 0x0, 0xfc, 0x4e, 0xce, 0x0, 0x54, 0x65,
    0x0, 0xf1, 0x7f, 0xf1, 0x6, 0x7f, 0xec, 0x0,
    0xd3, 0xff, 0xc4, 0x19, 0xff, 0xa4, 0x3, 0x63,
    0x37, 0x0, 0x15, 0x9b, 0x60, 0x6, 0x59, 0x9e,
    0x20, 0x99, 0xe5, 0x0, 0xbf, 0xfe, 0x20, 0xcf,
    0xff, 0x8, 0x22, 0x7f, 0xf1, 0x4, 0x2f, 0xdb,
    0x2f, 0xb2, 0xed, 0xa7, 0x72, 0x0, 0xb0, 0xa,
    0x48, 0x1, 0x30, 0x21, 0xe, 0x64, 0x8, 0xa0,
    0x9, 0x21, 0x70, 0x70, 0x20, 0x70, 0xa0, 0xa1,
    0xb0, 0x6, 0xa6, 0x80, 0x35, 0xc8, 0x29, 0xe8,
    0x6, 0xd8, 0x0,

    /* U+9ED8 "默" */
    0x7, 0xff, 0xf7, 0x0, 0x5d, 0x8e, 0x1, 0xe5,
    0x31, 0x52, 0x0, 0xe1, 0x8a, 0x0, 0xe3, 0xa2,
    0xc1, 0x0, 0xe6, 0x85, 0x50, 0x6, 0x2e, 0xa,
    0x70, 0xf, 0x39, 0x10, 0x3, 0x19, 0x8, 0x18,
    0x12, 0x20, 0x5d, 0x24, 0xc0, 0x36, 0x98, 0x49,
    0x84, 0xdd, 0x80, 0xee, 0xe1, 0x0, 0xa9, 0x8a,
    0x90, 0x35, 0x98, 0x2, 0xcd, 0x0, 0x1f, 0xb8,
    0xa1, 0xdc, 0xf6, 0x9b, 0x1, 0x99, 0x84, 0x23,
    0xb8, 0xa1, 0xdc, 0xc0, 0x3, 0x0, 0xc, 0x3,
    0x5c, 0xc8, 0xc2, 0x65, 0x0, 0x3, 0x0, 0x20,
    0x6, 0x4e, 0xf2, 0xd, 0xd4, 0x80, 0x2c, 0xa,
    0x80, 0x34, 0xbb, 0x8, 0x99, 0xc0, 0x4, 0x69,
    0x44, 0x60, 0x16, 0xbe, 0xe6, 0xf5, 0x48, 0x58,
    0x73, 0x7, 0x80, 0x4a, 0xe9, 0xc9, 0x1d, 0x26,
    0xc4, 0xa2, 0xc6, 0xe0, 0xb, 0x55, 0x12, 0x22,
    0xd7, 0x82, 0x40, 0x10, 0x10, 0xa4, 0x4e, 0x2,
    0x24, 0x9d, 0x8b, 0xa0, 0x0, 0x68, 0x90, 0xbd,
    0xf, 0x45, 0x80, 0xb2, 0x0, 0x32, 0xe8, 0x80,

    /* U+FF0C "，" */
    0x0, 0x8, 0x80, 0xf, 0xdc, 0x40, 0xc0, 0x7,
    0x4, 0x18, 0x8, 0x1f, 0x1, 0x81, 0x78, 0xc8,
    0xe9, 0xe8, 0x8a, 0xf8, 0xc0,

    /* U+FF1A "：" */
    0x7, 0xd7, 0x1, 0x82, 0x81, 0x18, 0x4, 0x41,
    0xf5, 0xe0, 0x1, 0x51, 0x0, 0xff, 0xe5, 0x5f,
    0xd8, 0xa, 0x2, 0x8, 0x90, 0x10, 0x42, 0xfa,
    0xc0,

    /* U+FF1F "？" */
    0x0, 0x2d, 0x65, 0xb0, 0x5, 0x74, 0xa6, 0x93,
    0x60, 0x4a, 0x57, 0xae, 0x8, 0x65, 0xfa, 0x85,
    0x2, 0xa, 0x2, 0x1, 0x8, 0x80, 0x80, 0x3a,
    0x81, 0x10, 0x1, 0xad, 0xe, 0xc0, 0x33, 0xa1,
    0x60, 0x7, 0x58, 0x58, 0x7, 0xa2, 0x9c, 0x3,
    0xc8, 0xa2, 0x1, 0xe8, 0xc3, 0x0, 0xe2, 0x73,
    0x80, 0xe, 0x22, 0x6, 0x0, 0x7b, 0x79, 0xc0,
    0x20
};


/*---------------------
 *  GLYPH DESCRIPTION
 *--------------------*/

static const lv_font_fmt_txt_glyph_dsc_t glyph_dsc[] = {
    {.bitmap_index = 0, .adv_w = 0, .box_w = 0, .box_h = 0, .ofs_x = 0, .ofs_y = 0} /* id = 0 reserved */,
    {.bitmap_index = 0, .adv_w = 156, .box_w = 9, .box_h = 3, .ofs_x = 0, .ofs_y = 4},
    {.bitmap_index = 8, .adv_w = 288, .box_w = 7, .box_h = 7, .ofs_x = 0, .ofs_y = -2},
    {.bitmap_index = 32, .adv_w = 288, .box_w = 18, .box_h = 4, .ofs_x = 0, .ofs_y = 5},
    {.bitmap_index = 48, .adv_w = 288, .box_w = 17, .box_h = 16, .ofs_x = 0, .ofs_y = -1},
    {.bitmap_index = 88, .adv_w = 288, .box_w = 17, .box_h = 16, .ofs_x = 1, .ofs_y = -2},
    {.bitmap_index = 144, .adv_w = 288, .box_w = 18, .box_h = 17, .ofs_x = 0, .ofs_y = -2},
    {.bitmap_index = 229, .adv_w = 288, .box_w = 17, .box_h = 17, .ofs_x = 1, .ofs_y = -2},
    {.bitmap_index = 342, .adv_w = 288, .box_w = 16, .box_h = 17, .ofs_x = 1, .ofs_y = -2},
    {.bitmap_index = 403, .adv_w = 288, .box_w = 18, .box_h = 17, .ofs_x = 0, .ofs_y = -1},
    {.bitmap_index = 485, .adv_w = 288, .box_w = 17, .box_h = 17, .ofs_x = 0, .ofs_y = -3},
    {.bitmap_index = 543, .adv_w = 288, .box_w = 19, .box_h = 18, .ofs_x = 0, .ofs_y = -3},
    {.bitmap_index = 651, .adv_w = 288, .box_w = 18, .box_h = 18, .ofs_x = 0, .ofs_y = -2},
    {.bitmap_index = 770, .adv_w = 288, .box_w = 18, .box_h = 18, .ofs_x = 0, .ofs_y = -2},
    {.bitmap_index = 864, .adv_w = 288, .box_w = 19, .box_h = 19, .ofs_x = 0, .ofs_y = -3},
    {.bitmap_index = 1008, .adv_w = 288, .box_w = 18, .box_h = 18, .ofs_x = 0, .ofs_y = -2},
    {.bitmap_index = 1135, .adv_w = 288, .box_w = 18, .box_h = 18, .ofs_x = 0, .ofs_y = -2},
    {.bitmap_index = 1250, .adv_w = 288, .box_w = 18, .box_h = 18, .ofs_x = 0, .ofs_y = -2},
    {.bitmap_index = 1344, .adv_w = 288, .box_w = 18, .box_h = 18, .ofs_x = 0, .ofs_y = -2},
    {.bitmap_index = 1450, .adv_w = 288, .box_w = 18, .box_h = 18, .ofs_x = 0, .ofs_y = -2},
    {.bitmap_index = 1579, .adv_w = 288, .box_w = 17, .box_h = 19, .ofs_x = 0, .ofs_y = -3},
    {.bitmap_index = 1678, .adv_w = 288, .box_w = 19, .box_h = 18, .ofs_x = 0, .ofs_y = -2},
    {.bitmap_index = 1803, .adv_w = 288, .box_w = 18, .box_h = 19, .ofs_x = 0, .ofs_y = -3},
    {.bitmap_index = 1910, .adv_w = 288, .box_w = 18, .box_h = 18, .ofs_x = 0, .ofs_y = -2},
    {.bitmap_index = 2046, .adv_w = 288, .box_w = 18, .box_h = 18, .ofs_x = 0, .ofs_y = -2},
    {.bitmap_index = 2154, .adv_w = 288, .box_w = 18, .box_h = 18, .ofs_x = 0, .ofs_y = -2},
    {.bitmap_index = 2261, .adv_w = 288, .box_w = 18, .box_h = 18, .ofs_x = 0, .ofs_y = -2},
    {.bitmap_index = 2366, .adv_w = 288, .box_w = 18, .box_h = 18, .ofs_x = 0, .ofs_y = -2},
    {.bitmap_index = 2486, .adv_w = 288, .box_w = 16, .box_h = 17, .ofs_x = 1, .ofs_y = -2},
    {.bitmap_index = 2573, .adv_w = 288, .box_w = 16, .box_h = 18, .ofs_x = 1, .ofs_y = -3},
    {.bitmap_index = 2672, .adv_w = 288, .box_w = 16, .box_h = 17, .ofs_x = 1, .ofs_y = -2},
    {.bitmap_index = 2745, .adv_w = 288, .box_w = 18, .box_h = 19, .ofs_x = 0, .ofs_y = -3},
    {.bitmap_index = 2879, .adv_w = 288, .box_w = 17, .box_h = 19, .ofs_x = 0, .ofs_y = -3},
    {.bitmap_index = 2991, .adv_w = 288, .box_w = 17, .box_h = 17, .ofs_x = 0, .ofs_y = -2},
    {.bitmap_index = 3107, .adv_w = 288, .box_w = 17, .box_h = 19, .ofs_x = 0, .ofs_y = -3},
    {.bitmap_index = 3225, .adv_w = 288, .box_w = 17, .box_h = 17, .ofs_x = 0, .ofs_y = -2},
    {.bitmap_index = 3328, .adv_w = 288, .box_w = 18, .box_h = 18, .ofs_x = 0, .ofs_y = -2},
    {.bitmap_index = 3439, .adv_w = 288, .box_w = 18, .box_h = 18, .ofs_x = 0, .ofs_y = -3},
    {.bitmap_index = 3575, .adv_w = 288, .box_w = 18, .box_h = 17, .ofs_x = 0, .ofs_y = -2},
    {.bitmap_index = 3680, .adv_w = 288, .box_w = 18, .box_h = 18, .ofs_x = 0, .ofs_y = -3},
    {.bitmap_index = 3804, .adv_w = 288, .box_w = 18, .box_h = 18, .ofs_x = 0, .ofs_y = -3},
    {.bitmap_index = 3938, .adv_w = 288, .box_w = 18, .box_h = 18, .ofs_x = 0, .ofs_y = -2},
    {.bitmap_index = 4068, .adv_w = 288, .box_w = 17, .box_h = 16, .ofs_x = 1, .ofs_y = -2},
    {.bitmap_index = 4143, .adv_w = 288, .box_w = 18, .box_h = 17, .ofs_x = 0, .ofs_y = -3},
    {.bitmap_index = 4218, .adv_w = 288, .box_w = 17, .box_h = 19, .ofs_x = 0, .ofs_y = -3},
    {.bitmap_index = 4320, .adv_w = 288, .box_w = 16, .box_h = 18, .ofs_x = 1, .ofs_y = -3},
    {.bitmap_index = 4406, .adv_w = 288, .box_w = 18, .box_h = 19, .ofs_x = 0, .ofs_y = -3},
    {.bitmap_index = 4524, .adv_w = 288, .box_w = 18, .box_h = 18, .ofs_x = 0, .ofs_y = -3},
    {.bitmap_index = 4629, .adv_w = 288, .box_w = 17, .box_h = 19, .ofs_x = 0, .ofs_y = -3},
    {.bitmap_index = 4730, .adv_w = 288, .box_w = 17, .box_h = 18, .ofs_x = 0, .ofs_y = -3},
    {.bitmap_index = 4821, .adv_w = 288, .box_w = 16, .box_h = 17, .ofs_x = 1, .ofs_y = -2},
    {.bitmap_index = 4882, .adv_w = 288, .box_w = 16, .box_h = 17, .ofs_x = 1, .ofs_y = -2},
    {.bitmap_index = 4963, .adv_w = 288, .box_w = 18, .box_h = 18, .ofs_x = 0, .ofs_y = -2},
    {.bitmap_index = 5061, .adv_w = 288, .box_w = 18, .box_h = 17, .ofs_x = 0, .ofs_y = -2},
    {.bitmap_index = 5193, .adv_w = 288, .box_w = 18, .box_h = 19, .ofs_x = 0, .ofs_y = -3},
    {.bitmap_index = 5326, .adv_w = 288, .box_w = 18, .box_h = 19, .ofs_x = 0, .ofs_y = -3},
    {.bitmap_index = 5458, .adv_w = 288, .box_w = 18, .box_h = 18, .ofs_x = 0, .ofs_y = -2},
    {.bitmap_index = 5575, .adv_w = 288, .box_w = 18, .box_h = 16, .ofs_x = 0, .ofs_y = -2},
    {.bitmap_index = 5674, .adv_w = 288, .box_w = 18, .box_h = 17, .ofs_x = 0, .ofs_y = -2},
    {.bitmap_index = 5791, .adv_w = 288, .box_w = 17, .box_h = 18, .ofs_x = 0, .ofs_y = -2},
    {.bitmap_index = 5905, .adv_w = 288, .box_w = 16, .box_h = 19, .ofs_x = 1, .ofs_y = -3},
    {.bitmap_index = 6004, .adv_w = 288, .box_w = 18, .box_h = 19, .ofs_x = 0, .ofs_y = -3},
    {.bitmap_index = 6118, .adv_w = 288, .box_w = 16, .box_h = 18, .ofs_x = 1, .ofs_y = -2},
    {.bitmap_index = 6235, .adv_w = 288, .box_w = 18, .box_h = 19, .ofs_x = 0, .ofs_y = -3},
    {.bitmap_index = 6368, .adv_w = 288, .box_w = 18, .box_h = 18, .ofs_x = 0, .ofs_y = -2},
    {.bitmap_index = 6493, .adv_w = 288, .box_w = 18, .box_h = 19, .ofs_x = 0, .ofs_y = -3},
    {.bitmap_index = 6629, .adv_w = 288, .box_w = 18, .box_h = 17, .ofs_x = 0, .ofs_y = -2},
    {.bitmap_index = 6716, .adv_w = 288, .box_w = 16, .box_h = 17, .ofs_x = 1, .ofs_y = -2},
    {.bitmap_index = 6807, .adv_w = 288, .box_w = 18, .box_h = 18, .ofs_x = 0, .ofs_y = -3},
    {.bitmap_index = 6936, .adv_w = 288, .box_w = 18, .box_h = 15, .ofs_x = 0, .ofs_y = -1},
    {.bitmap_index = 6981, .adv_w = 288, .box_w = 18, .box_h = 18, .ofs_x = 0, .ofs_y = -2},
    {.bitmap_index = 7083, .adv_w = 288, .box_w = 17, .box_h = 17, .ofs_x = 1, .ofs_y = -2},
    {.bitmap_index = 7161, .adv_w = 288, .box_w = 18, .box_h = 18, .ofs_x = 0, .ofs_y = -2},
    {.bitmap_index = 7245, .adv_w = 288, .box_w = 18, .box_h = 19, .ofs_x = 0, .ofs_y = -3},
    {.bitmap_index = 7369, .adv_w = 288, .box_w = 18, .box_h = 19, .ofs_x = 0, .ofs_y = -3},
    {.bitmap_index = 7498, .adv_w = 288, .box_w = 18, .box_h = 18, .ofs_x = 0, .ofs_y = -2},
    {.bitmap_index = 7624, .adv_w = 288, .box_w = 18, .box_h = 18, .ofs_x = 0, .ofs_y = -2},
    {.bitmap_index = 7756, .adv_w = 288, .box_w = 17, .box_h = 18, .ofs_x = 0, .ofs_y = -3},
    {.bitmap_index = 7847, .adv_w = 288, .box_w = 18, .box_h = 19, .ofs_x = 0, .ofs_y = -3},
    {.bitmap_index = 7977, .adv_w = 288, .box_w = 16, .box_h = 17, .ofs_x = 1, .ofs_y = -2},
    {.bitmap_index = 8061, .adv_w = 288, .box_w = 18, .box_h = 18, .ofs_x = 0, .ofs_y = -2},
    {.bitmap_index = 8181, .adv_w = 288, .box_w = 18, .box_h = 19, .ofs_x = 0, .ofs_y = -3},
    {.bitmap_index = 8323, .adv_w = 288, .box_w = 17, .box_h = 19, .ofs_x = 1, .ofs_y = -3},
    {.bitmap_index = 8459, .adv_w = 288, .box_w = 18, .box_h = 19, .ofs_x = 0, .ofs_y = -3},
    {.bitmap_index = 8589, .adv_w = 288, .box_w = 18, .box_h = 18, .ofs_x = 0, .ofs_y = -3},
    {.bitmap_index = 8688, .adv_w = 288, .box_w = 18, .box_h = 17, .ofs_x = 0, .ofs_y = -2},
    {.bitmap_index = 8825, .adv_w = 288, .box_w = 18, .box_h = 19, .ofs_x = 0, .ofs_y = -3},
    {.bitmap_index = 8963, .adv_w = 288, .box_w = 18, .box_h = 19, .ofs_x = 0, .ofs_y = -3},
    {.bitmap_index = 9092, .adv_w = 288, .box_w = 18, .box_h = 18, .ofs_x = 0, .ofs_y = -3},
    {.bitmap_index = 9236, .adv_w = 288, .box_w = 18, .box_h = 18, .ofs_x = 0, .ofs_y = -2},
    {.bitmap_index = 9353, .adv_w = 288, .box_w = 18, .box_h = 18, .ofs_x = 0, .ofs_y = -3},
    {.bitmap_index = 9481, .adv_w = 288, .box_w = 18, .box_h = 17, .ofs_x = 0, .ofs_y = -2},
    {.bitmap_index = 9612, .adv_w = 288, .box_w = 18, .box_h = 18, .ofs_x = 0, .ofs_y = -2},
    {.bitmap_index = 9743, .adv_w = 288, .box_w = 19, .box_h = 19, .ofs_x = 0, .ofs_y = -3},
    {.bitmap_index = 9901, .adv_w = 288, .box_w = 18, .box_h = 18, .ofs_x = 0, .ofs_y = -2},
    {.bitmap_index = 10049, .adv_w = 288, .box_w = 18, .box_h = 17, .ofs_x = 0, .ofs_y = -2},
    {.bitmap_index = 10197, .adv_w = 288, .box_w = 18, .box_h = 18, .ofs_x = 0, .ofs_y = -2},
    {.bitmap_index = 10332, .adv_w = 288, .box_w = 18, .box_h = 18, .ofs_x = 0, .ofs_y = -2},
    {.bitmap_index = 10451, .adv_w = 288, .box_w = 18, .box_h = 18, .ofs_x = 0, .ofs_y = -2},
    {.bitmap_index = 10586, .adv_w = 288, .box_w = 18, .box_h = 17, .ofs_x = 0, .ofs_y = -3},
    {.bitmap_index = 10690, .adv_w = 288, .box_w = 14, .box_h = 18, .ofs_x = 2, .ofs_y = -3},
    {.bitmap_index = 10741, .adv_w = 288, .box_w = 17, .box_h = 18, .ofs_x = 1, .ofs_y = -3},
    {.bitmap_index = 10846, .adv_w = 288, .box_w = 16, .box_h = 18, .ofs_x = 1, .ofs_y = -3},
    {.bitmap_index = 10950, .adv_w = 288, .box_w = 18, .box_h = 18, .ofs_x = 0, .ofs_y = -3},
    {.bitmap_index = 11060, .adv_w = 288, .box_w = 18, .box_h = 16, .ofs_x = 0, .ofs_y = -1},
    {.bitmap_index = 11155, .adv_w = 288, .box_w = 17, .box_h = 18, .ofs_x = 1, .ofs_y = -2},
    {.bitmap_index = 11292, .adv_w = 288, .box_w = 18, .box_h = 18, .ofs_x = 0, .ofs_y = -3},
    {.bitmap_index = 11412, .adv_w = 288, .box_w = 18, .box_h = 17, .ofs_x = 0, .ofs_y = -2},
    {.bitmap_index = 11528, .adv_w = 288, .box_w = 16, .box_h = 18, .ofs_x = 0, .ofs_y = -3},
    {.bitmap_index = 11615, .adv_w = 288, .box_w = 18, .box_h = 18, .ofs_x = 0, .ofs_y = -2},
    {.bitmap_index = 11711, .adv_w = 288, .box_w = 17, .box_h = 18, .ofs_x = 0, .ofs_y = -3},
    {.bitmap_index = 11847, .adv_w = 288, .box_w = 18, .box_h = 17, .ofs_x = 0, .ofs_y = -2},
    {.bitmap_index = 11951, .adv_w = 288, .box_w = 18, .box_h = 17, .ofs_x = 0, .ofs_y = -2},
    {.bitmap_index = 12052, .adv_w = 288, .box_w = 18, .box_h = 17, .ofs_x = 0, .ofs_y = -2},
    {.bitmap_index = 12154, .adv_w = 288, .box_w = 18, .box_h = 17, .ofs_x = 0, .ofs_y = -2},
    {.bitmap_index = 12259, .adv_w = 288, .box_w = 18, .box_h = 18, .ofs_x = 0, .ofs_y = -3},
    {.bitmap_index = 12383, .adv_w = 288, .box_w = 18, .box_h = 19, .ofs_x = 0, .ofs_y = -3},
    {.bitmap_index = 12529, .adv_w = 288, .box_w = 18, .box_h = 18, .ofs_x = 0, .ofs_y = -2},
    {.bitmap_index = 12668, .adv_w = 288, .box_w = 18, .box_h = 17, .ofs_x = 0, .ofs_y = -2},
    {.bitmap_index = 12786, .adv_w = 288, .box_w = 18, .box_h = 18, .ofs_x = 0, .ofs_y = -2},
    {.bitmap_index = 12918, .adv_w = 288, .box_w = 18, .box_h = 18, .ofs_x = 0, .ofs_y = -2},
    {.bitmap_index = 13056, .adv_w = 288, .box_w = 18, .box_h = 18, .ofs_x = 0, .ofs_y = -2},
    {.bitmap_index = 13203, .adv_w = 288, .box_w = 18, .box_h = 18, .ofs_x = 0, .ofs_y = -2},
    {.bitmap_index = 13335, .adv_w = 288, .box_w = 18, .box_h = 18, .ofs_x = 0, .ofs_y = -3},
    {.bitmap_index = 13429, .adv_w = 288, .box_w = 18, .box_h = 18, .ofs_x = 0, .ofs_y = -2},
    {.bitmap_index = 13561, .adv_w = 288, .box_w = 17, .box_h = 17, .ofs_x = 0, .ofs_y = -2},
    {.bitmap_index = 13690, .adv_w = 288, .box_w = 18, .box_h = 17, .ofs_x = 0, .ofs_y = -2},
    {.bitmap_index = 13837, .adv_w = 288, .box_w = 17, .box_h = 17, .ofs_x = 0, .ofs_y = -2},
    {.bitmap_index = 13958, .adv_w = 288, .box_w = 18, .box_h = 18, .ofs_x = 0, .ofs_y = -2},
    {.bitmap_index = 14103, .adv_w = 288, .box_w = 18, .box_h = 18, .ofs_x = 0, .ofs_y = -2},
    {.bitmap_index = 14253, .adv_w = 288, .box_w = 18, .box_h = 18, .ofs_x = 0, .ofs_y = -2},
    {.bitmap_index = 14382, .adv_w = 288, .box_w = 18, .box_h = 19, .ofs_x = 0, .ofs_y = -3},
    {.bitmap_index = 14525, .adv_w = 288, .box_w = 18, .box_h = 18, .ofs_x = 0, .ofs_y = -3},
    {.bitmap_index = 14648, .adv_w = 288, .box_w = 18, .box_h = 16, .ofs_x = 0, .ofs_y = -1},
    {.bitmap_index = 14767, .adv_w = 288, .box_w = 17, .box_h = 17, .ofs_x = 0, .ofs_y = -3},
    {.bitmap_index = 14869, .adv_w = 288, .box_w = 18, .box_h = 18, .ofs_x = 0, .ofs_y = -3},
    {.bitmap_index = 14991, .adv_w = 288, .box_w = 16, .box_h = 19, .ofs_x = 1, .ofs_y = -3},
    {.bitmap_index = 15111, .adv_w = 288, .box_w = 14, .box_h = 17, .ofs_x = 2, .ofs_y = -2},
    {.bitmap_index = 15169, .adv_w = 288, .box_w = 17, .box_h = 18, .ofs_x = 0, .ofs_y = -2},
    {.bitmap_index = 15285, .adv_w = 288, .box_w = 17, .box_h = 18, .ofs_x = 0, .ofs_y = -2},
    {.bitmap_index = 15403, .adv_w = 288, .box_w = 18, .box_h = 18, .ofs_x = 0, .ofs_y = -2},
    {.bitmap_index = 15536, .adv_w = 288, .box_w = 18, .box_h = 19, .ofs_x = 0, .ofs_y = -3},
    {.bitmap_index = 15660, .adv_w = 288, .box_w = 17, .box_h = 19, .ofs_x = 0, .ofs_y = -3},
    {.bitmap_index = 15804, .adv_w = 288, .box_w = 18, .box_h = 17, .ofs_x = 0, .ofs_y = -2},
    {.bitmap_index = 15902, .adv_w = 288, .box_w = 18, .box_h = 17, .ofs_x = 0, .ofs_y = -2},
    {.bitmap_index = 16034, .adv_w = 288, .box_w = 18, .box_h = 19, .ofs_x = 0, .ofs_y = -3},
    {.bitmap_index = 16185, .adv_w = 288, .box_w = 18, .box_h = 17, .ofs_x = 0, .ofs_y = -2},
    {.bitmap_index = 16305, .adv_w = 288, .box_w = 18, .box_h = 19, .ofs_x = 0, .ofs_y = -3},
    {.bitmap_index = 16445, .adv_w = 288, .box_w = 18, .box_h = 18, .ofs_x = 0, .ofs_y = -3},
    {.bitmap_index = 16573, .adv_w = 288, .box_w = 17, .box_h = 19, .ofs_x = 0, .ofs_y = -3},
    {.bitmap_index = 16704, .adv_w = 288, .box_w = 18, .box_h = 19, .ofs_x = 0, .ofs_y = -3},
    {.bitmap_index = 16830, .adv_w = 288, .box_w = 18, .box_h = 17, .ofs_x = 0, .ofs_y = -1},
    {.bitmap_index = 16940, .adv_w = 288, .box_w = 18, .box_h = 19, .ofs_x = 0, .ofs_y = -3},
    {.bitmap_index = 17094, .adv_w = 288, .box_w = 18, .box_h = 18, .ofs_x = 0, .ofs_y = -2},
    {.bitmap_index = 17247, .adv_w = 288, .box_w = 18, .box_h = 17, .ofs_x = 0, .ofs_y = -1},
    {.bitmap_index = 17387, .adv_w = 288, .box_w = 18, .box_h = 17, .ofs_x = 0, .ofs_y = -2},
    {.bitmap_index = 17533, .adv_w = 288, .box_w = 18, .box_h = 18, .ofs_x = 0, .ofs_y = -2},
    {.bitmap_index = 17660, .adv_w = 288, .box_w = 17, .box_h = 18, .ofs_x = 0, .ofs_y = -2},
    {.bitmap_index = 17798, .adv_w = 288, .box_w = 18, .box_h = 17, .ofs_x = 0, .ofs_y = -2},
    {.bitmap_index = 17905, .adv_w = 288, .box_w = 17, .box_h = 18, .ofs_x = 0, .ofs_y = -2},
    {.bitmap_index = 18050, .adv_w = 288, .box_w = 18, .box_h = 19, .ofs_x = 0, .ofs_y = -2},
    {.bitmap_index = 18200, .adv_w = 288, .box_w = 18, .box_h = 18, .ofs_x = 0, .ofs_y = -2},
    {.bitmap_index = 18310, .adv_w = 288, .box_w = 18, .box_h = 17, .ofs_x = 0, .ofs_y = -2},
    {.bitmap_index = 18448, .adv_w = 288, .box_w = 18, .box_h = 17, .ofs_x = 0, .ofs_y = -2},
    {.bitmap_index = 18562, .adv_w = 288, .box_w = 18, .box_h = 17, .ofs_x = 0, .ofs_y = -2},
    {.bitmap_index = 18687, .adv_w = 288, .box_w = 18, .box_h = 19, .ofs_x = 0, .ofs_y = -3},
    {.bitmap_index = 18817, .adv_w = 288, .box_w = 18, .box_h = 17, .ofs_x = 0, .ofs_y = -2},
    {.bitmap_index = 18932, .adv_w = 288, .box_w = 18, .box_h = 18, .ofs_x = 0, .ofs_y = -3},
    {.bitmap_index = 19044, .adv_w = 288, .box_w = 18, .box_h = 18, .ofs_x = 0, .ofs_y = -2},
    {.bitmap_index = 19178, .adv_w = 288, .box_w = 18, .box_h = 18, .ofs_x = 0, .ofs_y = -2},
    {.bitmap_index = 19318, .adv_w = 288, .box_w = 18, .box_h = 18, .ofs_x = 0, .ofs_y = -2},
    {.bitmap_index = 19446, .adv_w = 288, .box_w = 18, .box_h = 19, .ofs_x = 0, .ofs_y = -3},
    {.bitmap_index = 19588, .adv_w = 288, .box_w = 18, .box_h = 17, .ofs_x = 0, .ofs_y = -2},
    {.bitmap_index = 19727, .adv_w = 288, .box_w = 17, .box_h = 19, .ofs_x = 0, .ofs_y = -3},
    {.bitmap_index = 19858, .adv_w = 288, .box_w = 18, .box_h = 17, .ofs_x = 0, .ofs_y = -1},
    {.bitmap_index = 19980, .adv_w = 288, .box_w = 18, .box_h = 19, .ofs_x = 0, .ofs_y = -2},
    {.bitmap_index = 20112, .adv_w = 288, .box_w = 18, .box_h = 17, .ofs_x = 0, .ofs_y = -2},
    {.bitmap_index = 20245, .adv_w = 288, .box_w = 18, .box_h = 19, .ofs_x = 0, .ofs_y = -3},
    {.bitmap_index = 20386, .adv_w = 288, .box_w = 18, .box_h = 19, .ofs_x = 0, .ofs_y = -3},
    {.bitmap_index = 20530, .adv_w = 288, .box_w = 19, .box_h = 18, .ofs_x = 0, .ofs_y = -2},
    {.bitmap_index = 20665, .adv_w = 288, .box_w = 18, .box_h = 19, .ofs_x = 0, .ofs_y = -3},
    {.bitmap_index = 20814, .adv_w = 288, .box_w = 18, .box_h = 19, .ofs_x = 0, .ofs_y = -3},
    {.bitmap_index = 20955, .adv_w = 288, .box_w = 18, .box_h = 18, .ofs_x = 0, .ofs_y = -3},
    {.bitmap_index = 21098, .adv_w = 288, .box_w = 18, .box_h = 19, .ofs_x = 0, .ofs_y = -3},
    {.bitmap_index = 21229, .adv_w = 288, .box_w = 18, .box_h = 17, .ofs_x = 0, .ofs_y = -2},
    {.bitmap_index = 21326, .adv_w = 288, .box_w = 18, .box_h = 18, .ofs_x = 0, .ofs_y = -3},
    {.bitmap_index = 21465, .adv_w = 288, .box_w = 18, .box_h = 19, .ofs_x = 0, .ofs_y = -3},
    {.bitmap_index = 21628, .adv_w = 288, .box_w = 18, .box_h = 17, .ofs_x = 0, .ofs_y = -2},
    {.bitmap_index = 21738, .adv_w = 288, .box_w = 16, .box_h = 18, .ofs_x = 1, .ofs_y = -2},
    {.bitmap_index = 21843, .adv_w = 288, .box_w = 17, .box_h = 19, .ofs_x = 1, .ofs_y = -3},
    {.bitmap_index = 21983, .adv_w = 288, .box_w = 16, .box_h = 18, .ofs_x = 1, .ofs_y = -3},
    {.bitmap_index = 22093, .adv_w = 288, .box_w = 16, .box_h = 17, .ofs_x = 1, .ofs_y = -2},
    {.bitmap_index = 22180, .adv_w = 288, .box_w = 17, .box_h = 17, .ofs_x = 0, .ofs_y = -2},
    {.bitmap_index = 22267, .adv_w = 288, .box_w = 18, .box_h = 17, .ofs_x = 0, .ofs_y = -2},
    {.bitmap_index = 22366, .adv_w = 288, .box_w = 18, .box_h = 17, .ofs_x = 0, .ofs_y = -2},
    {.bitmap_index = 22474, .adv_w = 288, .box_w = 18, .box_h = 18, .ofs_x = 0, .ofs_y = -2},
    {.bitmap_index = 22587, .adv_w = 288, .box_w = 18, .box_h = 18, .ofs_x = 0, .ofs_y = -3},
    {.bitmap_index = 22733, .adv_w = 288, .box_w = 18, .box_h = 18, .ofs_x = 0, .ofs_y = -2},
    {.bitmap_index = 22881, .adv_w = 288, .box_w = 18, .box_h = 17, .ofs_x = 0, .ofs_y = -2},
    {.bitmap_index = 23011, .adv_w = 288, .box_w = 18, .box_h = 17, .ofs_x = 0, .ofs_y = -2},
    {.bitmap_index = 23126, .adv_w = 288, .box_w = 18, .box_h = 17, .ofs_x = 0, .ofs_y = -2},
    {.bitmap_index = 23270, .adv_w = 288, .box_w = 5, .box_h = 8, .ofs_x = 2, .ofs_y = -3},
    {.bitmap_index = 23291, .adv_w = 288, .box_w = 5, .box_h = 13, .ofs_x = 2, .ofs_y = -1},
    {.bitmap_index = 23316, .adv_w = 288, .box_w = 9, .box_h = 15, .ofs_x = 0, .ofs_y = -1}
};

/*---------------------
 *  CHARACTER MAPPING
 *--------------------*/

static const uint16_t unicode_list_0[] = {
    0x0, 0xfef, 0x2ded, 0x2df7, 0x2df8, 0x2dfa, 0x2e11, 0x2e1a,
    0x2e28, 0x2e7b, 0x2eb8, 0x2ed1, 0x2ee3, 0x2eea, 0x2f07, 0x2f40,
    0x2f42, 0x2f49, 0x2f6c, 0x2f94, 0x2fca, 0x2fce, 0x2fdb, 0x3029,
    0x3152, 0x3155, 0x3160, 0x3172, 0x3186, 0x31e7, 0x31f3, 0x320d,
    0x321d, 0x3223, 0x3224, 0x323a, 0x3295, 0x3342, 0x338c, 0x33c3,
    0x33c5, 0x33d7, 0x33dc, 0x33e0, 0x33e4, 0x33fb, 0x3413, 0x341c,
    0x3437, 0x36cb, 0x36e7, 0x3715, 0x3727, 0x38f1, 0x38f4, 0x38fa,
    0x3916, 0x391e, 0x396f, 0x3b44, 0x3b45, 0x3b76, 0x3ba6, 0x3bb3,
    0x3bf3, 0x3bfc, 0x3c07, 0x3c2b, 0x3dd2, 0x3dd3, 0x3ddf, 0x3e61,
    0x3e63, 0x3e7c, 0x3e81, 0x3e93, 0x3eed, 0x3ef0, 0x3f40, 0x3f71,
    0x404f, 0x4205, 0x422d, 0x4240, 0x426b, 0x42d6, 0x42f4, 0x4392,
    0x4394, 0x43bd, 0x44ba, 0x4526, 0x452b, 0x4535, 0x455d, 0x4561,
    0x4574, 0x459d, 0x45cd, 0x45d2, 0x45e3, 0x45fb, 0x461c, 0x462b,
    0x4683, 0x46e1, 0x46ed, 0x46f5, 0x46f6, 0x470c, 0x4717, 0x4718,
    0x4719, 0x47d2, 0x47f4, 0x480e, 0x4835, 0x4850, 0x48ad, 0x4971,
    0x4a31, 0x4b0e, 0x4b51, 0x4c2f, 0x4cc2, 0x4d32, 0x4d75, 0x4dde,
    0x4ec7, 0x505d, 0x5235, 0x539d, 0x53f3, 0x5515, 0x5539, 0x5671,
    0x56db, 0x56f8, 0x57d2, 0x57ee, 0x5801, 0x585b, 0x5927, 0x59bf,
    0x59e8, 0x59f8, 0x5a63, 0x5adc, 0x5b13, 0x5b6d, 0x5e8f, 0x5ea5,
    0x5eb5, 0x5ed4, 0x5eda, 0x5edc, 0x5f03, 0x5f5b, 0x5fe8, 0x61e1,
    0x625f, 0x63c9, 0x64ca, 0x696e, 0x6b53, 0x6b91, 0x6b9d, 0x6bab,
    0x6bd2, 0x6bdc, 0x6be1, 0x6be8, 0x6bf0, 0x6d12, 0x6d15, 0x6d72,
    0x6ddc, 0x6f7e, 0x6f80, 0x6fc1, 0x6fcb, 0x6ff6, 0x713a, 0x71bc,
    0x7506, 0x751b, 0x756c, 0x75da, 0x7651, 0x76ed, 0x773f, 0x774f,
    0x7862, 0x7866, 0x7867, 0x7885, 0x7a79, 0x7eb1, 0x7ebe, 0x7ec5,
    0xdef9, 0xdf07, 0xdf0c
};

/*Collect the unicode lists and glyph_id offsets*/
static const lv_font_fmt_txt_cmap_t cmaps[] =
{
    {
        .range_start = 8211, .range_length = 57101, .glyph_id_start = 1,
        .unicode_list = unicode_list_0, .glyph_id_ofs_list = NULL, .list_length = 203, .type = LV_FONT_FMT_TXT_CMAP_SPARSE_TINY
    }
};



/*--------------------
 *  ALL CUSTOM DATA
 *--------------------*/

#if LVGL_VERSION_MAJOR == 8
/*Store all the custom data of the font*/
static  lv_font_fmt_txt_glyph_cache_t cache;
#endif

#if LVGL_VERSION_MAJOR >= 8
static const lv_font_fmt_txt_dsc_t font_dsc = {
#else
static lv_font_fmt_txt_dsc_t font_dsc = {
#endif
    .glyph_bitmap = glyph_bitmap,
    .glyph_dsc = glyph_dsc,
    .cmaps = cmaps,
    .kern_dsc = NULL,
    .kern_scale = 0,
    .cmap_num = 1,
    .bpp = 4,
    .kern_classes = 0,
    .bitmap_format = 1,
#if LVGL_VERSION_MAJOR == 8
    .cache = &cache
#endif
};

extern const lv_font_t FlangeMono14;


/*-----------------
 *  PUBLIC FONT
 *----------------*/

/*Initialize a public general font descriptor*/
#if LVGL_VERSION_MAJOR >= 8
const lv_font_t FlangeSmall18 = {
#else
lv_font_t FlangeSmall18 = {
#endif
    .get_glyph_dsc = lv_font_get_glyph_dsc_fmt_txt,    /*Function pointer to get glyph's data*/
    .get_glyph_bitmap = lv_font_get_bitmap_fmt_txt,    /*Function pointer to get glyph's bitmap*/
    .line_height = 20,          /*The maximum line height required by the font*/
    .base_line = 3,             /*Baseline measured from the bottom of the line*/
#if !(LVGL_VERSION_MAJOR == 6 && LVGL_VERSION_MINOR == 0)
    .subpx = LV_FONT_SUBPX_NONE,
#endif
#if LV_VERSION_CHECK(7, 4, 0) || LVGL_VERSION_MAJOR >= 8
    .underline_position = -2,
    .underline_thickness = 1,
#endif
    .dsc = &font_dsc,          /*The custom font data. Will be accessed by `get_glyph_bitmap/dsc` */
#if LV_VERSION_CHECK(8, 2, 0) || LVGL_VERSION_MAJOR >= 9
    .fallback = &FlangeMono14,
#endif
    .user_data = NULL,
};



#endif /*#if FLANGESMALL18*/

